Name,Date,Followers,Growth,Uploads
@charlidamelio,2021-10-17,"44,411,280","+284,187",+9
@charlidamelio,2021-10-04,"44,127,093","+1,073,653",+27
@charlidamelio,2021-08-16,"43,053,440","+1,213,714",+45
@charlidamelio,2021-05-23,"41,839,726","+929,247",+20
@charlidamelio,2021-04-24,"40,910,479","+381,588",+5
@charlidamelio,2021-04-15,"40,528,891","+7,294,655",+77
@charlidamelio,2020-11-17,"33,234,236","+248,646",+3
@charlidamelio,2020-11-13,"32,985,590","+274,938",
@charlidamelio,2020-11-09,"32,710,652","+320,081",+2
@charlidamelio,2020-11-05,"32,390,571","+352,226",+4
@charlidamelio,2020-11-01,"32,038,345","+302,111",+4
@charlidamelio,2020-10-28,"31,736,234","+237,050",+3
@charlidamelio,2020-10-24,"31,499,184","+191,148",+4
@charlidamelio,2020-10-20,"31,308,036","+256,107",+2
@charlidamelio,2020-10-16,"31,051,929","+261,252",
@charlidamelio,2020-10-12,"30,790,677","+265,128",+5
@charlidamelio,2020-10-08,"30,525,549","+295,376",+2
@charlidamelio,2020-10-04,"30,230,173","+884,513",-35
@charlidamelio,2020-09-22,"29,345,660","+995,397",-1
@charlidamelio,2020-09-09,"28,350,263","+891,439",+21
@charlidamelio,2020-08-28,"27,458,824","+307,357",+4
@charlidamelio,2020-08-24,"27,151,467","+345,657",+2
@charlidamelio,2020-08-20,"26,805,810","+605,535",+10
@charlidamelio,2020-08-12,"26,200,275","+4,710,578",+28
@charlidamelio,2020-07-01,"21,489,697","+490,989",+4
@charlidamelio,2020-06-25,"20,998,708","+1,382,576",+13
@charlidamelio,2020-06-01,"19,616,132","+295,972",+1
@charlidamelio,2020-05-28,"19,320,160","+192,320",
@charlidamelio,2020-05-26,"19,127,840","+243,974",+1
@charlidamelio,2020-05-23,"18,883,866",,
@charlidamelio,Total Summary,+260,,
@arianagrande,,,,
@arianagrande,2021-12-18,"282,668,921","+2,245,026",+11
@arianagrande,2021-12-08,"280,423,895","+1,603,539",+3
@arianagrande,2021-11-30,"278,820,356","+1,083,085",+3
@arianagrande,2021-11-24,"277,737,271","+2,466,684",+11
@arianagrande,2021-11-11,"275,270,587","+769,265",+3
@arianagrande,2021-11-07,"274,501,322","+1,223,279",+5
@arianagrande,2021-10-29,"273,278,043","+572,831",+2
@arianagrande,2021-10-24,"272,705,212","+956,910",+4
@arianagrande,2021-10-17,"271,748,302","+780,015",+1
@arianagrande,2021-10-11,"270,968,287","+957,179",+6
@arianagrande,2021-10-06,"270,011,108","+4,827,502",+23
@arianagrande,2021-09-08,"265,183,606","+920,372",+3
@arianagrande,2021-09-03,"264,263,234","+1,317,227",+1
@arianagrande,2021-08-28,"262,946,007","+727,345",
@arianagrande,2021-08-26,"262,218,662","+1,445,176",+2
@arianagrande,2021-08-21,"260,773,486","+450,526",+1
@arianagrande,2021-08-19,"260,322,960","+47,797",
@arianagrande,2021-08-18,"260,275,163","+1,387,566",+4
@arianagrande,2021-08-13,"258,887,597","+15,427,461",+42
@arianagrande,2021-06-15,"243,460,136","+1,022,944",+2
@arianagrande,2021-06-11,"242,437,192","+6,262,230",+10
@arianagrande,2021-05-22,"236,174,962","+2,564,623",
@arianagrande,2021-05-13,"233,610,339","+1,285,850",+2
@arianagrande,2021-05-05,"232,324,489","+536,013",+8
@arianagrande,2021-04-19,"231,788,476","+554,798",+1
@arianagrande,2021-04-14,"231,233,678","+24,624,072",+67
@arianagrande,2020-11-16,"206,609,606","+395,293",+4
@arianagrande,2020-11-12,"206,214,313","+393,944",+4
@arianagrande,2020-11-08,"205,820,369","+335,570",+2
@arianagrande,2020-11-04,"205,484,799","+412,236",+7
@arianagrande,2020-10-31,"205,072,563","+409,121",+9
@arianagrande,2020-10-27,"204,663,442","+326,924",+11
@arianagrande,2020-10-23,"204,336,518","+237,950",+4
@arianagrande,2020-10-19,"204,098,568","+165,922",+2
@arianagrande,2020-10-15,"203,932,646","+177,564",+2
@arianagrande,2020-10-11,"203,755,082","+133,849",+1
@arianagrande,2020-10-07,"203,621,233","+123,809",+1
@arianagrande,2020-10-03,"203,497,424","+1,626,653",+1
@arianagrande,2020-09-09,"201,870,771","+1,396,997",+2
@arianagrande,2020-09-01,"200,473,774","+2,413,867",+12
@arianagrande,2020-08-16,"198,059,907","+497,576",+5
@arianagrande,2020-08-12,"197,562,331","+945,894",+5
@arianagrande,2020-08-03,"196,616,437","+1,309,232",+9
@arianagrande,2020-07-22,"195,307,205","+916,702",+7
@arianagrande,2020-07-14,"194,390,503","+499,819",+3
@arianagrande,2020-07-10,"193,890,684","+1,173,470",+6
@arianagrande,2020-07-01,"192,717,214","+569,456",+6
@arianagrande,2020-06-27,"192,147,758","+585,042",+1
@arianagrande,2020-06-23,"191,562,716","+3,526,746",+10
@arianagrande,2020-05-28,"188,035,970","+322,722",+7
@arianagrande,2020-05-26,"187,713,248","+462,854",
@arianagrande,2020-05-24,"187,250,394","+1,241,654",+9
@arianagrande,2020-05-17,"186,008,740","+1,276,694",+11
@arianagrande,2020-05-09,"184,732,046","+288,198",+2
@arianagrande,2020-05-08,"184,443,848","+599,321",+3
@arianagrande,2020-05-06,"183,844,527","+314,828",+8
@arianagrande,2020-05-03,"183,529,699","+141,046",
@arianagrande,2020-05-02,"183,388,653","+1,163,336",+8
@arianagrande,2020-04-23,"182,225,317","+198,631",+1
@arianagrande,2020-04-22,"182,026,686","+231,920",
@arianagrande,2020-04-20,"181,794,766","+253,086",
@arianagrande,2020-04-19,"181,541,680","+277,282",+2
@arianagrande,2020-04-17,"181,264,398","+175,808",+1
@arianagrande,2020-04-16,"181,088,590","+345,993",
@arianagrande,2020-04-14,"180,742,597","+171,878",
@arianagrande,2020-04-13,"180,570,719","+630,742",+8
@arianagrande,2020-04-09,"179,939,977","+116,612",+3
@arianagrande,2020-04-07,"179,823,365","+252,833",+2
@arianagrande,2020-04-05,"179,570,532","+177,259",+2
@arianagrande,2020-04-04,"179,393,273","+819,509",+7
@arianagrande,2020-03-28,"178,573,764","+55,708",
@arianagrande,2020-03-27,"178,518,056","+92,202",+1
@arianagrande,2020-03-26,"178,425,854","+73,923",
@arianagrande,2020-03-25,"178,351,931",,
@arianagrande,Total Summary,+404,,
@justinbieber,2021-11-27,"205,738,843","+3,241,937",+60
@justinbieber,2021-11-05,"202,496,906","+434,248",+10
@justinbieber,2021-11-01,"202,062,658","+474,512",+6
@justinbieber,2021-10-28,"201,588,146","+806,489",+9
@justinbieber,2021-10-20,"200,781,657","+720,894",+11
@justinbieber,2021-10-14,"200,060,763","+398,294",+8
@justinbieber,2021-10-10,"199,662,469","+1,755,297",+33
@justinbieber,2021-09-27,"197,907,172","+905,188",+20
@justinbieber,2021-09-21,"197,001,984","+2,760,741",+16
@justinbieber,2021-09-06,"194,241,243","+4,510,124",+48
@justinbieber,2021-08-17,"189,731,119","+5,979,382",+74
@justinbieber,2021-07-19,"183,751,737","+1,319,193",+49
@justinbieber,2021-07-11,"182,432,544","+3,570,600",+51
@justinbieber,2021-06-20,"178,861,944","+1,386,240",+13
@justinbieber,2021-06-12,"177,475,704","+604,852",+8
@justinbieber,2021-05-31,"176,870,852",-135592,+4
@justinbieber,2021-05-27,"177,006,444","+6,649,350",+124
@justinbieber,2021-04-15,"170,357,094","+19,472,596",+469
@justinbieber,2020-11-13,"150,884,498","+195,948",+7
@justinbieber,2020-11-09,"150,688,550","+195,582",+6
@justinbieber,2020-11-05,"150,492,968","+235,868",+3
@justinbieber,2020-11-01,"150,257,100","+209,242",+6
@justinbieber,2020-10-27,"150,047,858","+475,142",+5
@justinbieber,2020-10-19,"149,572,716","+283,841",+5
@justinbieber,2020-10-15,"149,288,875","+496,424",+23
@justinbieber,2020-10-06,"148,792,451","+233,381",+12
@justinbieber,2020-10-02,"148,559,070","+537,285",+13
@justinbieber,2020-09-23,"148,021,785","+1,175,505",+48
@justinbieber,2020-09-07,"146,846,280","+1,090,009",+21
@justinbieber,2020-08-28,"145,756,271","+2,289,484",+41
@justinbieber,2020-08-06,"143,466,787","+1,677,288",+75
@justinbieber,2020-07-20,"141,789,499","+1,025,982",+16
@justinbieber,2020-07-08,"140,763,517","+721,482",+11
@justinbieber,2020-06-29,"140,042,035","+265,934",+5
@justinbieber,2020-06-25,"139,776,101","+2,324,810",+28
@justinbieber,2020-05-31,"137,451,291","+363,808",+8
@justinbieber,2020-05-28,"137,087,483","+187,997",+4
@justinbieber,2020-05-26,"136,899,486","+269,270",+5
@justinbieber,2020-05-23,"136,630,216","+614,123",+14
@justinbieber,2020-05-18,"136,016,093","+960,255",+22
@justinbieber,2020-05-11,"135,055,838","+340,933",+5
@justinbieber,2020-05-08,"134,714,905","+539,101",+24
@justinbieber,2020-05-03,"134,175,804","+129,846",+2
@justinbieber,2020-05-02,"134,045,958","+471,321",+16
@justinbieber,2020-04-27,"133,574,637","+226,591",+4
@justinbieber,2020-04-23,"133,348,046","+296,177",+12
@justinbieber,2020-04-20,"133,051,869","+1,813,765",+39
@justinbieber,2020-04-02,"131,238,104","+378,062",+7
@justinbieber,2020-03-29,"130,860,042","+75,092",+1
@justinbieber,2020-03-28,"130,784,950",,
@justinbieber,Total Summary,"+1,501",,
@piperrockelle,2021-09-23,"4,888,600","+7,394",+1
@piperrockelle,2021-09-19,"4,881,206","+16,400",+5
@piperrockelle,2021-09-11,"4,864,806","+21,758",+7
@piperrockelle,2021-09-03,"4,843,048","+29,153",-20
@piperrockelle,2021-08-26,"4,813,895","+14,109",+4
@piperrockelle,2021-08-22,"4,799,786","+12,733",+4
@piperrockelle,2021-08-18,"4,787,053","+9,452",+4
@piperrockelle,2021-08-14,"4,777,601","+67,341",+21
@piperrockelle,2021-08-01,"4,710,260",,
@piperrockelle,2021-07-24,"4,710,260","+345,745",+83
@piperrockelle,2021-05-02,"4,364,515","+80,876",+18
@piperrockelle,2021-04-14,"4,283,639","+491,586",+107
@piperrockelle,2020-11-15,"3,792,053","+6,829",+4
@piperrockelle,2020-11-11,"3,785,224","+10,981",+1
@piperrockelle,2020-11-07,"3,774,243","+12,050",+2
@piperrockelle,2020-11-03,"3,762,193","+16,143",+4
@piperrockelle,2020-10-30,"3,746,050","+3,733",+4
@piperrockelle,2020-10-26,"3,742,317","+3,965",+2
@piperrockelle,2020-10-22,"3,738,352","+11,417",+4
@piperrockelle,2020-10-14,"3,726,935","+8,789",+1
@piperrockelle,2020-10-10,"3,718,146","+48,298",+9
@piperrockelle,2020-09-20,"3,669,848","+11,638",+2
@piperrockelle,2020-09-16,"3,658,210","+59,227",+13
@piperrockelle,2020-08-26,"3,598,983","+137,288",+22
@piperrockelle,2020-07-14,"3,461,695","+46,346",-18
@piperrockelle,2020-07-05,"3,415,349","+15,347",+5
@piperrockelle,2020-06-30,"3,400,002","+20,989",+4
@piperrockelle,2020-06-25,"3,379,013","+140,342",+17
@piperrockelle,2020-06-01,"3,238,671","+17,298",+2
@piperrockelle,2020-05-30,"3,221,373","+31,901",+3
@piperrockelle,2020-05-25,"3,189,472","+28,969",-1
@piperrockelle,2020-05-18,"3,160,503","+27,693",+5
@piperrockelle,2020-05-11,"3,132,810","+9,271",+3
@piperrockelle,2020-05-08,"3,123,539",,
@piperrockelle,Total Summary,+322,,
@jacobsartorius,2021-10-23,"9,725,616","+54,176",+19
@jacobsartorius,2021-09-25,"9,671,440","+218,747",+32
@jacobsartorius,2021-08-02,"9,452,693",,
@jacobsartorius,2021-06-27,"9,452,693","+81,116",+5
@jacobsartorius,2021-05-21,"9,371,577","+59,022",+4
@jacobsartorius,2021-04-14,"9,312,555",-37692,-17
@jacobsartorius,2020-11-13,"9,350,247","+3,891",
@jacobsartorius,2020-11-09,"9,346,356",-2586,+2
@jacobsartorius,2020-11-05,"9,348,942","+1,369",+1
@jacobsartorius,2020-11-01,"9,347,573","+1,612",+3
@jacobsartorius,2020-10-28,"9,345,961","+3,673",+1
@jacobsartorius,2020-10-24,"9,342,288",-2610,+4
@jacobsartorius,2020-10-20,"9,344,898",-3358,+2
@jacobsartorius,2020-10-16,"9,348,256",-2086,+4
@jacobsartorius,2020-10-12,"9,350,342","+1,642",+2
@jacobsartorius,2020-10-08,"9,348,700",+392,+3
@jacobsartorius,2020-10-04,"9,348,308","+5,136",+1
@jacobsartorius,2020-09-26,"9,343,172","+4,092",
@jacobsartorius,2020-09-22,"9,339,080","+2,352",+1
@jacobsartorius,2020-08-28,"9,336,728",-11503,+4
@jacobsartorius,2020-08-20,"9,348,231",-6873,+2
@jacobsartorius,2020-08-06,"9,355,104",-3222,+4
@jacobsartorius,2020-07-25,"9,358,326","+1,296",-24
@jacobsartorius,2020-07-16,"9,357,030","+1,704",-12
@jacobsartorius,2020-07-07,"9,355,326",-9470,+2
@jacobsartorius,2020-06-28,"9,364,796",-3460,+1
@jacobsartorius,2020-06-24,"9,368,256",-6694,+6
@jacobsartorius,2020-06-01,"9,374,950",+823,
@jacobsartorius,2020-05-30,"9,374,127",-771,
@jacobsartorius,2020-05-28,"9,374,898",-4129,+2
@jacobsartorius,2020-05-17,"9,379,027",-1320,+2
@jacobsartorius,2020-05-14,"9,380,347","+2,246",
@jacobsartorius,2020-05-12,"9,378,101",-82,
@jacobsartorius,2020-05-10,"9,378,183",-1091,+1
@jacobsartorius,2020-05-08,"9,379,274","+1,291",
@jacobsartorius,2020-05-06,"9,377,983",-44,+1
@jacobsartorius,2020-05-05,"9,378,027",-2212,
@jacobsartorius,2020-05-04,"9,380,239",-2359,+2
@jacobsartorius,2020-05-02,"9,382,598",-746,+1
@jacobsartorius,2020-05-01,"9,383,344","+3,235",+3
@jacobsartorius,2020-04-25,"9,380,109",-2006,+3
@jacobsartorius,2020-04-15,"9,382,115","+2,968",
@jacobsartorius,2020-04-12,"9,379,147","+5,316",+3
@jacobsartorius,2020-04-05,"9,373,831",,
@jacobsartorius,Total Summary,+68,,
@dixiedamelio,2021-12-31,"25,190,279","+236,055",+38
@dixiedamelio,2021-10-12,"24,954,224","+104,583",+16
@dixiedamelio,2021-09-21,"24,849,641","+149,113",+6
@dixiedamelio,2021-09-07,"24,700,528","+47,425",+13
@dixiedamelio,2021-08-17,"24,653,103","+66,573",+22
@dixiedamelio,2021-08-03,"24,586,530",,
@dixiedamelio,2021-08-02,"24,586,530",,
@dixiedamelio,2021-07-19,"24,586,530",-31747,+3
@dixiedamelio,2021-06-23,"24,618,277","+69,586",+5
@dixiedamelio,2021-06-15,"24,548,691","+190,520",+9
@dixiedamelio,2021-05-20,"24,358,171","+43,268",+23
@dixiedamelio,2021-05-03,"24,314,903","+211,565",+6
@dixiedamelio,2021-04-15,"24,103,338","+3,216,922",-391
@dixiedamelio,2020-11-13,"20,886,416","+175,839",
@dixiedamelio,2020-11-09,"20,710,577","+237,852",
@dixiedamelio,2020-11-05,"20,472,725","+256,902",+4
@dixiedamelio,2020-11-01,"20,215,823","+237,737",+4
@dixiedamelio,2020-10-28,"19,978,086","+197,562",-3
@dixiedamelio,2020-10-24,"19,780,524","+143,870",+4
@dixiedamelio,2020-10-20,"19,636,654","+161,704",+1
@dixiedamelio,2020-10-16,"19,474,950","+141,759",+2
@dixiedamelio,2020-10-12,"19,333,191","+161,791",+2
@dixiedamelio,2020-10-08,"19,171,400","+179,184",+4
@dixiedamelio,2020-10-04,"18,992,216","+657,605",+9
@dixiedamelio,2020-09-18,"18,334,611","+446,774",+4
@dixiedamelio,2020-09-10,"17,887,837","+639,719",+13
@dixiedamelio,2020-08-29,"17,248,118","+491,299",+2
@dixiedamelio,2020-08-21,"16,756,819","+1,438,001",+21
@dixiedamelio,2020-08-04,"15,318,818","+2,031,129",+42
@dixiedamelio,2020-07-14,"13,287,689","+1,081,546",+11
@dixiedamelio,2020-07-01,"12,206,143","+216,785",+4
@dixiedamelio,2020-06-27,"11,989,358","+1,022,484",+19
@dixiedamelio,2020-05-29,"10,966,874","+153,509",+3
@dixiedamelio,2020-05-27,"10,813,365",,
@dixiedamelio,Total Summary,-104,,
@dixiedamelio,,,,
@itsjojosiwa,2021-11-13,"11,141,905","+11,607",+5
@itsjojosiwa,2021-11-09,"11,130,298","+22,697",+11
@itsjojosiwa,2021-11-01,"11,107,601","+40,924",+18
@itsjojosiwa,2021-10-18,"11,066,677","+46,106",+10
@itsjojosiwa,2021-10-05,"11,020,571","+16,923",+9
@itsjojosiwa,2021-09-23,"11,003,648","+17,672",+5
@itsjojosiwa,2021-09-18,"10,985,976","+26,268",+10
@itsjojosiwa,2021-09-05,"10,959,708","+12,762",+7
@itsjojosiwa,2021-08-27,"10,946,946","+83,017",+36
@itsjojosiwa,2021-05-31,"10,863,929",-1515,+4
@itsjojosiwa,2021-05-27,"10,865,444",-1478,+2
@itsjojosiwa,2021-05-22,"10,866,922","+1,180",+13
@itsjojosiwa,2021-05-03,"10,865,742","+2,429",+3
@itsjojosiwa,2021-04-24,"10,863,313",-3928,+1
@itsjojosiwa,2021-04-16,"10,867,241","+1,447",+1
@itsjojosiwa,2021-04-11,"10,865,794","+837,211",+74
@itsjojosiwa,2020-11-13,"10,028,583",-429,+4
@itsjojosiwa,2020-11-09,"10,029,012","+4,253",+1
@itsjojosiwa,2020-11-05,"10,024,759","+3,837",+2
@itsjojosiwa,2020-11-01,"10,020,922",+13,+7
@itsjojosiwa,2020-10-28,"10,020,909","+4,945",+1
@itsjojosiwa,2020-10-24,"10,015,964","+9,757",+1
@itsjojosiwa,2020-10-20,"10,006,207","+7,973",+3
@itsjojosiwa,2020-10-16,"9,998,234","+9,842",+4
@itsjojosiwa,2020-10-12,"9,988,392","+13,645",+3
@itsjojosiwa,2020-10-08,"9,974,747","+53,042",+10
@itsjojosiwa,2020-09-26,"9,921,705","+26,367",+9
@itsjojosiwa,2020-09-22,"9,895,338","+9,281",+9
@itsjojosiwa,2020-09-18,"9,886,057","+5,261",+9
@itsjojosiwa,2020-09-10,"9,880,796","+149,068",+10
@itsjojosiwa,2020-08-20,"9,731,728","+5,127",+2
@itsjojosiwa,2020-08-09,"9,726,601","+40,036",+7
@itsjojosiwa,2020-07-25,"9,686,565","+116,029",+28
@itsjojosiwa,2020-06-25,"9,570,536","+163,048",+30
@itsjojosiwa,2020-05-28,"9,407,488",,
@itsjojosiwa,Total Summary,+349,,
@itsjojosiwa,,,,
@jamescharles,2021-10-26,"24,392,761",-56529,+1
@jamescharles,2021-10-18,"24,449,290",-76401,+3
@jamescharles,2021-10-07,"24,525,691",-223790,+7
@jamescharles,2021-09-16,"24,749,481",-62216,+1
@jamescharles,2021-09-08,"24,811,697",-273940,+4
@jamescharles,2021-08-22,"25,085,637",-48694,
@jamescharles,2021-08-18,"25,134,331",-55445,+1
@jamescharles,2021-08-14,"25,189,776",-334834,+4
@jamescharles,2021-07-25,"25,524,610",-800232,+7
@jamescharles,2021-06-22,"26,324,842",-346854,
@jamescharles,2021-05-25,"26,671,696",-260369,+1
@jamescharles,2021-05-17,"26,932,065",-155816,
@jamescharles,2021-05-05,"27,087,881",-198428,
@jamescharles,2021-04-18,"27,286,309",-17478,
@jamescharles,2021-04-14,"27,303,787","+3,341,398",+45
@jamescharles,2020-11-13,"23,962,389","+124,693",
@jamescharles,2020-11-09,"23,837,696","+120,730",+2
@jamescharles,2020-11-05,"23,716,966","+164,437",+1
@jamescharles,2020-11-01,"23,552,529","+199,289",+2
@jamescharles,2020-10-28,"23,353,240","+171,309",+2
@jamescharles,2020-10-24,"23,181,931","+105,420",+3
@jamescharles,2020-10-20,"23,076,511","+243,380",+4
@jamescharles,2020-10-12,"22,833,131","+147,108",+3
@jamescharles,2020-10-08,"22,686,023","+509,862",+5
@jamescharles,2020-09-26,"22,176,161","+1,309,161",+11
@jamescharles,2020-09-02,"20,867,000","+342,200",+5
@jamescharles,2020-08-25,"20,524,800","+147,474",+1
@jamescharles,2020-08-21,"20,377,326","+1,320,741",+23
@jamescharles,2020-07-04,"19,056,585","+86,137",+1
@jamescharles,2020-06-30,"18,970,448","+80,354",+2
@jamescharles,2020-06-24,"18,890,094","+432,225",+7
@jamescharles,2020-06-01,"18,457,869","+67,021",
@jamescharles,2020-05-30,"18,390,848","+75,680",
@jamescharles,2020-05-28,"18,315,168","+287,389",+5
@jamescharles,2020-05-19,"18,027,779","+166,092",+2
@jamescharles,2020-05-11,"17,861,687","+37,852",+1
@jamescharles,2020-05-09,"17,823,835","+51,547",+1
@jamescharles,2020-05-06,"17,772,288","+37,041",+1
@jamescharles,2020-05-03,"17,735,247","+23,514",
@jamescharles,2020-05-02,"17,711,733","+15,532",+1
@jamescharles,2020-05-01,"17,696,201","+55,759",
@jamescharles,2020-04-28,"17,640,442","+97,520",+2
@jamescharles,2020-04-23,"17,542,922","+54,413",
@jamescharles,2020-04-21,"17,488,509","+32,074",
@jamescharles,2020-04-19,"17,456,435","+158,257",+1
@jamescharles,2020-04-14,"17,298,178","+43,202",+2
@jamescharles,2020-04-12,"17,254,976","+195,193",+3
@jamescharles,2020-04-03,"17,059,783","+170,994",+4
@jamescharles,2020-03-28,"16,888,789","+46,635",
@jamescharles,2020-03-26,"16,842,154",,
@jamescharles,Total Summary,+169,,
@loren,2021-11-13,"22,204,123","+80,829",+9
@loren,2021-10-12,"22,123,294","+10,006",
@loren,2021-10-07,"22,113,288","+91,189",+5
@loren,2021-09-24,"22,022,099","+42,036",+6
@loren,2021-09-12,"21,980,063","+75,673",+9
@loren,2021-08-17,"21,904,390","+97,854",+24
@loren,2021-06-09,"21,806,536","+3,469",+3
@loren,2021-05-31,"21,803,067","+94,579",+4
@loren,2021-05-13,"21,708,488","+91,946",+4
@loren,2021-05-03,"21,616,542","+118,771",+8
@loren,2021-04-20,"21,497,771","+25,293",+3
@loren,2021-04-14,"21,472,478","+773,524",+76
@loren,2020-11-16,"20,698,954","+17,871",+2
@loren,2020-11-12,"20,681,083","+42,532",+1
@loren,2020-11-08,"20,638,551","+62,130",
@loren,2020-11-04,"20,576,421","+87,973",+3
@loren,2020-10-31,"20,488,448","+2,531",+7
@loren,2020-10-27,"20,485,917","+25,701",+3
@loren,2020-10-23,"20,460,216","+31,820",+2
@loren,2020-10-19,"20,428,396","+51,111",+1
@loren,2020-10-15,"20,377,285","+37,503",+3
@loren,2020-10-11,"20,339,782","+29,139",+1
@loren,2020-10-07,"20,310,643","+26,132",+2
@loren,2020-10-03,"20,284,511","+81,840",+3
@loren,2020-09-25,"20,202,671","+348,807",+15
@loren,2020-08-19,"19,853,864","+222,254",+24
@loren,2020-07-09,"19,631,610","+23,411",+3
@loren,2020-06-26,"19,608,199","+129,646",+11
@loren,2020-05-28,"19,478,553","+16,520",
@loren,2020-05-25,"19,462,033","+79,358",+9
@loren,2020-05-10,"19,382,675","+9,267",+1
@loren,2020-05-09,"19,373,408",,
@loren,Total Summary,+242,,
@billieeilish,2021-11-05,"95,195,211","+325,963",+4
@billieeilish,2021-10-30,"94,869,248","+875,172",+7
@billieeilish,2021-10-16,"93,994,076","+189,624",
@billieeilish,2021-10-14,"93,804,452","+476,010",+4
@billieeilish,2021-10-08,"93,328,442","+222,611",+1
@billieeilish,2021-10-06,"93,105,831","+1,102,365",+3
@billieeilish,2021-09-24,"92,003,466","+55,255",+1
@billieeilish,2021-09-23,"91,948,211","+1,686,982",+15
@billieeilish,2021-09-04,"90,261,229","+543,667",+4
@billieeilish,2021-08-26,"89,717,562","+703,099",+7
@billieeilish,2021-08-13,"89,014,463","+197,657",+2
@billieeilish,2021-08-10,"88,816,806","+720,025",+19
@billieeilish,2021-07-24,"88,096,781","+471,980",+6
@billieeilish,2021-07-12,"87,624,801","+211,222",+7
@billieeilish,2021-07-04,"87,413,579","+177,316",+3
@billieeilish,2021-06-26,"87,236,263","+247,581",+1
@billieeilish,2021-06-17,"86,988,682",-19076,+1
@billieeilish,2021-06-13,"87,007,758","+471,522",+2
@billieeilish,2021-06-05,"86,536,236","+1,163,719",+7
@billieeilish,2021-05-20,"85,372,517","+1,663,045",+7
@billieeilish,2021-05-04,"83,709,472","+1,921,168",+9
@billieeilish,2021-04-22,"81,788,304","+286,568",+1
@billieeilish,2021-04-18,"81,501,736","+231,252",
@billieeilish,2021-04-14,"81,270,484","+12,050,893",+38
@billieeilish,2020-11-14,"69,219,591","+609,558",+5
@billieeilish,2020-11-06,"68,610,033","+194,107",+1
@billieeilish,2020-11-02,"68,415,926","+191,078",+1
@billieeilish,2020-10-29,"68,224,848","+273,118",
@billieeilish,2020-10-25,"67,951,730","+252,457",+4
@billieeilish,2020-10-21,"67,699,273","+312,869",+1
@billieeilish,2020-10-16,"67,386,404","+384,991",+5
@billieeilish,2020-10-04,"67,001,413","+116,738",+4
@billieeilish,2020-09-26,"66,884,675","+395,954",
@billieeilish,2020-09-13,"66,488,721","+373,703",-44
@billieeilish,2020-08-27,"66,115,018","+80,541",
@billieeilish,2020-08-23,"66,034,477","+742,801",+5
@billieeilish,2020-07-21,"65,291,676","+36,118",
@billieeilish,2020-07-16,"65,255,558","+117,261",
@billieeilish,2020-07-08,"65,138,297","+84,580",
@billieeilish,2020-07-03,"65,053,717","+93,534",
@billieeilish,2020-06-29,"64,960,183","+163,001",-1
@billieeilish,2020-06-25,"64,797,182","+1,364,249",-4
@billieeilish,2020-05-31,"63,432,933","+130,510",+3
@billieeilish,2020-05-29,"63,302,423","+91,563",+1
@billieeilish,2020-05-27,"63,210,860","+256,306",
@billieeilish,2020-05-21,"62,954,554","+453,030",-1
@billieeilish,2020-05-10,"62,501,524","+54,687",
@billieeilish,2020-05-08,"62,446,837","+295,404",
@billieeilish,2020-05-03,"62,151,433","+409,647",+3
@billieeilish,2020-04-23,"61,741,786","+154,598",
@billieeilish,2020-04-21,"61,587,188",,
@billieeilish,Total Summary,+132,,
@kyliejenner,2021-12-25,"292,971,849","+2,712,701",+1
@kyliejenner,2021-12-18,"290,259,148","+3,477,096",
@kyliejenner,2021-12-07,"286,782,052","+1,974,341",
@kyliejenner,2021-11-30,"284,807,711","+1,546,257",
@kyliejenner,2021-11-23,"283,261,454","+1,044,802",
@kyliejenner,2021-11-18,"282,216,652","+260,340",
@kyliejenner,2021-11-16,"281,956,312","+652,440",
@kyliejenner,2021-11-12,"281,303,872","+433,745",-1
@kyliejenner,2021-11-10,"280,870,127","+196,742",
@kyliejenner,2021-11-09,"280,673,385","+852,649",
@kyliejenner,2021-11-05,"279,820,736","+1,578,958",+5
@kyliejenner,2021-10-28,"278,241,778","+182,297",+1
@kyliejenner,2021-10-26,"278,059,481","+441,097",
@kyliejenner,2021-10-23,"277,618,384","+1,488,916",-1
@kyliejenner,2021-10-17,"276,129,468","+881,794",+3
@kyliejenner,2021-10-11,"275,247,674","+1,349,681",+8
@kyliejenner,2021-10-05,"273,897,993","+2,125,747",-3
@kyliejenner,2021-09-27,"271,772,246","+1,052,595",+1
@kyliejenner,2021-09-24,"270,719,651","+5,499,954",+10
@kyliejenner,2021-09-08,"265,219,697","+774,592",-1
@kyliejenner,2021-09-05,"264,445,105","+5,453,549",+11
@kyliejenner,2021-08-16,"258,991,556","+2,213,488",+1
@kyliejenner,2021-08-10,"256,778,068","+17,972,018",+40
@kyliejenner,2021-06-07,"238,806,050","+9,097,635",+33
@kyliejenner,2021-05-05,"229,708,415","+4,113,797",+13
@kyliejenner,2021-04-14,"225,594,618","+24,943,729",+133
@kyliejenner,2020-11-15,"200,650,889","+273,087",+8
@kyliejenner,2020-11-11,"200,377,802","+272,245",+3
@kyliejenner,2020-11-07,"200,105,557","+359,373",+1
@kyliejenner,2020-11-03,"199,746,184","+385,116",+7
@kyliejenner,2020-10-30,"199,361,068","+400,564",+1
@kyliejenner,2020-10-25,"198,960,504","+282,631",+8
@kyliejenner,2020-10-21,"198,677,873","+352,695",+7
@kyliejenner,2020-10-17,"198,325,178","+429,105",+1
@kyliejenner,2020-10-13,"197,896,073","+214,859",+5
@kyliejenner,2020-10-09,"197,681,214","+884,341",+6
@kyliejenner,2020-09-30,"196,796,873","+485,953",+7
@kyliejenner,2020-09-22,"196,310,920","+4,567,396",+14
@kyliejenner,2020-08-24,"191,743,524","+775,342",+1
@kyliejenner,2020-08-19,"190,968,182","+709,025",+8
@kyliejenner,2020-08-15,"190,259,157","+2,212,315",+19
@kyliejenner,2020-08-02,"188,046,842","+1,904,721",+8
@kyliejenner,2020-07-20,"186,142,121","+594,974",+3
@kyliejenner,2020-07-16,"185,547,147","+729,813",+2
@kyliejenner,2020-07-12,"184,817,334","+604,790",+15
@kyliejenner,2020-07-07,"184,212,544","+1,282,643",+14
@kyliejenner,2020-06-29,"182,929,901","+508,652",+5
@kyliejenner,2020-06-25,"182,421,249","+3,586,876",+18
@kyliejenner,2020-05-31,"178,834,373","+869,022",+3
@kyliejenner,2020-05-27,"177,965,351","+415,616",+3
@kyliejenner,2020-05-24,"177,549,735","+1,041,066",+9
@kyliejenner,2020-05-18,"176,508,669","+1,798,527",+7
@kyliejenner,2020-05-10,"174,710,142","+252,924",
@kyliejenner,2020-05-09,"174,457,218","+510,836",+3
@kyliejenner,2020-05-06,"173,946,382","+705,148",+1
@kyliejenner,2020-05-03,"173,241,234","+302,758",+1
@kyliejenner,2020-05-02,"172,938,476","+1,194,869",+11
@kyliejenner,2020-04-26,"171,743,607","+127,142",+3
@kyliejenner,2020-04-25,"171,616,465","+457,924",+1
@kyliejenner,2020-04-21,"171,158,541",,
@kyliejenner,Total Summary,+457,,
@selenagomez,2021-12-27,"283,433,577","+2,547,075",+1
@selenagomez,2021-12-18,"280,886,502","+5,856,787",+3
@selenagomez,2021-11-26,"275,029,715","+3,647,771",+5
@selenagomez,2021-11-06,"271,381,944","+682,361",
@selenagomez,2021-11-02,"270,699,583","+913,516",+1
@selenagomez,2021-10-26,"269,786,067","+479,533",
@selenagomez,2021-10-22,"269,306,534","+1,319,829",+4
@selenagomez,2021-10-14,"267,986,705","+832,005",+1
@selenagomez,2021-10-08,"267,154,700","+3,401,023",+2
@selenagomez,2021-09-22,"263,753,677","+11,062,417",+12
@selenagomez,2021-08-18,"252,691,260","+1,060,049",
@selenagomez,2021-08-14,"251,631,211","+4,727,196",+2
@selenagomez,2021-07-25,"246,904,015","+2,832,772",+2
@selenagomez,2021-07-13,"244,071,243","+9,540,185",+7
@selenagomez,2021-06-06,"234,531,058","+10,881,136",+3
@selenagomez,2021-05-03,"223,649,922","+1,930,785",+4
@selenagomez,2021-04-15,"221,719,137","+26,374,378",+53
@selenagomez,2020-11-15,"195,344,759","+64,632",
@selenagomez,2020-11-11,"195,280,127","+43,108",+1
@selenagomez,2020-11-07,"195,237,019","+25,938",+1
@selenagomez,2020-11-03,"195,211,081","+79,494",+1
@selenagomez,2020-10-30,"195,131,587","+132,658",+1
@selenagomez,2020-10-26,"194,998,929","+85,585",+1
@selenagomez,2020-10-22,"194,913,344","+59,652",
@selenagomez,2020-10-18,"194,853,692","+100,907",
@selenagomez,2020-10-14,"194,752,785","+106,457",
@selenagomez,2020-10-10,"194,646,328","+146,034",
@selenagomez,2020-10-06,"194,500,294","+390,371",+1
@selenagomez,2020-09-28,"194,109,923","+219,685",+2
@selenagomez,2020-09-24,"193,890,238","+205,558",+1
@selenagomez,2020-09-20,"193,684,680","+281,418",
@selenagomez,2020-09-16,"193,403,262","+782,382",+1
@selenagomez,2020-09-08,"192,620,880","+1,100,952",+1
@selenagomez,2020-09-04,"191,519,928","+788,936",+9
@selenagomez,2020-08-31,"190,730,992","+1,836,439",+7
@selenagomez,2020-08-23,"188,894,553","+2,615,932",+7
@selenagomez,2020-08-10,"186,278,621","+3,762,825",+9
@selenagomez,2020-07-07,"182,515,796","+625,359",
@selenagomez,2020-07-03,"181,890,437","+447,875",
@selenagomez,2020-06-29,"181,442,562","+422,610",+1
@selenagomez,2020-06-24,"181,019,952","+465,653",
@selenagomez,2020-06-20,"180,554,299","+2,360,644",+26
@selenagomez,2020-05-29,"178,193,655","+166,650",
@selenagomez,2020-05-27,"178,027,005","+1,031,971",
@selenagomez,2020-05-18,"176,995,034","+806,658",+2
@selenagomez,2020-05-10,"176,188,376","+148,701",
@selenagomez,2020-05-08,"176,039,675","+263,996",
@selenagomez,2020-05-06,"175,775,679","+496,414",+1
@selenagomez,2020-05-02,"175,279,265","+198,917",
@selenagomez,2020-05-01,"175,080,348","+1,110,744",+1
@selenagomez,2020-04-19,"173,969,604","+176,509",
@selenagomez,2020-04-18,"173,793,095","+995,284",+4
@selenagomez,2020-04-10,"172,797,811","+345,410",+5
@selenagomez,2020-04-05,"172,452,401","+185,775",
@selenagomez,2020-04-03,"172,266,626",,
@selenagomez,Total Summary,+183,,
@taylorswift,2021-11-07,"183,701,575","+1,096,811",+6
@taylorswift,2021-10-22,"182,604,764","+681,994",
@taylorswift,2021-10-14,"181,922,770","+688,649",
@taylorswift,2021-10-06,"181,234,121","+1,421,596",-2
@taylorswift,2021-09-23,"179,812,525","+4,946,765",
@taylorswift,2021-08-23,"174,865,760","+869,325",
@taylorswift,2021-08-19,"173,996,435","+1,659,698",
@taylorswift,2021-08-11,"172,336,737","+3,591,198",+4
@taylorswift,2021-08-07,"168,745,539",,
@taylorswift,2021-08-03,"168,745,539",,
@taylorswift,2021-07-21,"168,745,539","+8,461,139",+4
@taylorswift,2021-05-30,"160,284,400","+676,958",+1
@taylorswift,2021-05-26,"159,607,442","+1,355,700",
@taylorswift,2021-05-17,"158,251,742","+713,292",
@taylorswift,2021-05-13,"157,538,450","+1,623,620",+3
@taylorswift,2021-05-05,"155,914,830","+2,413,803",+1
@taylorswift,2021-04-15,"153,501,027","+12,720,811",+36
@taylorswift,2020-11-14,"140,780,216",-5692,+1
@taylorswift,2020-11-10,"140,785,908","+14,147",
@taylorswift,2020-11-06,"140,771,761","+8,938",
@taylorswift,2020-11-02,"140,762,823","+20,815",
@taylorswift,2020-10-29,"140,742,008","+3,368",
@taylorswift,2020-10-24,"140,738,640","+3,380",
@taylorswift,2020-10-20,"140,735,260",-4566,
@taylorswift,2020-10-16,"140,739,826","+15,652",
@taylorswift,2020-10-11,"140,724,174","+24,104",+1
@taylorswift,2020-10-07,"140,700,070","+7,628",
@taylorswift,2020-10-03,"140,692,442","+8,456",
@taylorswift,2020-09-28,"140,683,986","+24,022",
@taylorswift,2020-09-24,"140,659,964",-4367,
@taylorswift,2020-09-20,"140,664,331",-7628,
@taylorswift,2020-09-16,"140,671,959","+487,805",
@taylorswift,2020-09-03,"140,184,154","+521,134",
@taylorswift,2020-08-26,"139,663,020","+317,136",
@taylorswift,2020-08-22,"139,345,884","+218,208",+1
@taylorswift,2020-08-17,"139,127,676","+2,810,941",+16
@taylorswift,2020-07-10,"136,316,735","+506,236",
@taylorswift,2020-07-02,"135,810,499","+273,450",
@taylorswift,2020-06-27,"135,537,049","+1,793,921",+3
@taylorswift,2020-06-01,"133,743,128","+371,569",
@taylorswift,2020-05-28,"133,371,559","+108,378",
@taylorswift,2020-05-26,"133,263,181","+1,208,479",+3
@taylorswift,2020-05-09,"132,054,702","+62,444",
@taylorswift,2020-05-08,"131,992,258","+113,471",+1
@taylorswift,2020-05-06,"131,878,787","+167,032",
@taylorswift,2020-05-04,"131,711,755","+109,666",
@taylorswift,2020-05-02,"131,602,089","+178,981",
@taylorswift,2020-04-30,"131,423,108","+286,309",+1
@taylorswift,2020-04-23,"131,136,799","+113,796",+1
@taylorswift,2020-04-22,"131,023,003","+164,605",
@taylorswift,2020-04-20,"130,858,398","+491,347",
@taylorswift,2020-04-16,"130,367,051","+289,918",
@taylorswift,2020-04-13,"130,077,133","+638,402",+1
@taylorswift,2020-04-06,"129,438,731","+427,079",
@taylorswift,2020-03-30,"129,011,652","+115,911",
@taylorswift,2020-03-28,"128,895,741","+88,676",
@taylorswift,2020-03-27,"128,807,065","+70,104",
@taylorswift,2020-03-26,"128,736,961","+43,973",
@taylorswift,2020-03-25,"128,692,988",,
@taylorswift,Total Summary,+82,,
@brycehall,2021-11-05,"7,743,501",-44776,+5
@brycehall,2021-10-23,"7,788,277",-37433,+4
@brycehall,2021-10-10,"7,825,710",-81526,+4
@brycehall,2021-09-13,"7,907,236",-18231,+1
@brycehall,2021-09-05,"7,925,467",-33963,+2
@brycehall,2021-08-19,"7,959,430",-2797,
@brycehall,2021-08-15,"7,962,227",-41936,+6
@brycehall,2021-07-25,"8,004,163","+11,538",
@brycehall,2021-07-21,"7,992,625",-14188,+2
@brycehall,2021-07-13,"8,006,813",-15701,+2
@brycehall,2021-06-30,"8,022,514",-7838,+1
@brycehall,2021-06-22,"8,030,352","+63,483",+1
@brycehall,2021-06-14,"7,966,869","+105,556",+4
@brycehall,2021-06-06,"7,861,313",-28637,+2
@brycehall,2021-05-24,"7,889,950",-50891,+5
@brycehall,2021-05-04,"7,940,841","+14,149",-3
@brycehall,2021-04-13,"7,926,692","+864,165",+34
@brycehall,2020-11-14,"7,062,527","+30,676",+1
@brycehall,2020-11-10,"7,031,851","+70,580",+1
@brycehall,2020-11-06,"6,961,271","+208,737",+1
@brycehall,2020-11-02,"6,752,534","+60,233",+2
@brycehall,2020-10-29,"6,692,301","+35,957",+1
@brycehall,2020-10-25,"6,656,344","+23,361",
@brycehall,2020-10-21,"6,632,983","+22,592",+1
@brycehall,2020-10-17,"6,610,391","+13,562",+1
@brycehall,2020-10-13,"6,596,829","+22,167",
@brycehall,2020-10-09,"6,574,662","+102,834",+3
@brycehall,2020-09-27,"6,471,828","+570,538",+10
@brycehall,2020-08-10,"5,901,290","+378,231",+5
@brycehall,2020-07-31,"5,523,059","+387,991",+2
@brycehall,2020-07-22,"5,135,068","+343,282",+4
@brycehall,2020-07-14,"4,791,786","+336,162",+5
@brycehall,2020-07-05,"4,455,624","+26,977",
@brycehall,2020-07-01,"4,428,647","+52,345",+3
@brycehall,2020-06-27,"4,376,302","+444,897",-2
@brycehall,2020-05-30,"3,931,405","+54,990",+2
@brycehall,2020-05-28,"3,876,415","+75,065",-1
@brycehall,2020-05-26,"3,801,350",,
@brycehall,Total Summary,+109,,
@shawnmendes,2021-11-18,"64,919,887","+807,387",+6
@shawnmendes,2021-10-14,"64,112,500","+256,995",+3
@shawnmendes,2021-10-05,"63,855,505","+1,969,113",+36
@shawnmendes,2021-08-12,"61,886,392","+1,362,617",+19
@shawnmendes,2021-06-19,"60,523,775","+74,667",
@shawnmendes,2021-06-15,"60,449,108","+77,662",+1
@shawnmendes,2021-06-11,"60,371,446","+137,886",+3
@shawnmendes,2021-06-03,"60,233,560","+673,772",+18
@shawnmendes,2021-04-18,"59,559,788","+13,386",+1
@shawnmendes,2021-04-14,"59,546,402","+2,741,552",+81
@shawnmendes,2020-11-13,"56,804,850","+107,071",+1
@shawnmendes,2020-11-09,"56,697,779","+135,891",+1
@shawnmendes,2020-11-05,"56,561,888","+143,296",+1
@shawnmendes,2020-11-01,"56,418,592","+144,544",+6
@shawnmendes,2020-10-27,"56,274,048","+69,075",+3
@shawnmendes,2020-10-23,"56,204,973","+84,951",+3
@shawnmendes,2020-10-19,"56,120,022","+57,253",+2
@shawnmendes,2020-10-14,"56,062,769","+37,592",+3
@shawnmendes,2020-10-10,"56,025,177","+58,429",+1
@shawnmendes,2020-10-06,"55,966,748",-64662,+14
@shawnmendes,2020-09-20,"56,031,410",-9404,
@shawnmendes,2020-09-15,"56,040,814","+9,041",
@shawnmendes,2020-09-11,"56,031,773","+26,269",
@shawnmendes,2020-08-25,"56,005,504",-14873,+2
@shawnmendes,2020-07-19,"56,020,377",-41596,+3
@shawnmendes,2020-07-02,"56,061,973",-3714,
@shawnmendes,2020-06-27,"56,065,687","+7,143",
@shawnmendes,2020-06-23,"56,058,544","+77,667",+2
@shawnmendes,2020-05-29,"55,980,877",-16698,
@shawnmendes,2020-05-27,"55,997,575",-20721,+2
@shawnmendes,2020-05-18,"56,018,296",-60874,+1
@shawnmendes,2020-05-10,"56,079,170",-4318,
@shawnmendes,2020-05-09,"56,083,488",-1421,
@shawnmendes,2020-05-08,"56,084,909",-5167,
@shawnmendes,2020-05-06,"56,090,076","+1,347",
@shawnmendes,2020-05-04,"56,088,729",-5080,
@shawnmendes,2020-05-03,"56,093,809",-33776,+2
@shawnmendes,2020-04-30,"56,127,585",-9680,+1
@shawnmendes,2020-04-28,"56,137,265",+860,
@shawnmendes,2020-04-26,"56,136,405",-6448,
@shawnmendes,2020-04-25,"56,142,853",-25850,
@shawnmendes,2020-04-23,"56,168,703",-7162,
@shawnmendes,2020-04-22,"56,175,865",-6832,
@shawnmendes,2020-04-21,"56,182,697",-3763,
@shawnmendes,2020-04-19,"56,186,460",-7991,+1
@shawnmendes,2020-04-18,"56,194,451",-17624,
@shawnmendes,2020-04-16,"56,212,075",-14131,
@shawnmendes,2020-04-14,"56,226,206",-4797,
@shawnmendes,2020-04-13,"56,231,003",-9152,
@shawnmendes,2020-04-12,"56,240,155",-41110,
@shawnmendes,2020-04-05,"56,281,265",-9133,
@shawnmendes,2020-04-04,"56,290,398",-15133,
@shawnmendes,2020-03-29,"56,305,531",-1514,
@shawnmendes,2020-03-27,"56,307,045","+6,195",
@shawnmendes,2020-03-26,"56,300,850","+6,582",
@shawnmendes,2020-03-25,"56,294,268",,
@shawnmendes,Total Summary,+217,,
@xxxtentacion,2021-11-14,"19,496,364","+20,114",
@xxxtentacion,2021-11-09,"19,476,250","+20,393",
@xxxtentacion,2021-11-05,"19,455,857","+104,342",
@xxxtentacion,2021-10-24,"19,351,515","+211,928",
@xxxtentacion,2021-08-09,"19,139,587","+29,171",
@xxxtentacion,2021-08-04,"19,110,416",,
@xxxtentacion,2021-07-25,"19,110,416","+51,034",
@xxxtentacion,2021-07-02,"19,059,382","+147,521",
@xxxtentacion,2021-06-03,"18,911,861","+12,863",
@xxxtentacion,2021-05-30,"18,898,998","+92,573",
@xxxtentacion,2021-04-13,"18,806,425","+417,685",
@xxxtentacion,2020-11-06,"18,388,740","+19,841",
@xxxtentacion,2020-10-26,"18,368,899","+12,691",
@xxxtentacion,2020-10-22,"18,356,208","+178,583",
@xxxtentacion,2020-10-16,"18,177,625",-1659,
@xxxtentacion,2020-10-12,"18,179,284","+21,460",
@xxxtentacion,2020-09-25,"18,157,824","+83,417",
@xxxtentacion,2020-07-24,"18,074,407","+74,284",
@xxxtentacion,2020-06-30,"18,000,123","+441,960",
@xxxtentacion,2020-05-17,"17,558,163","+3,841",
@xxxtentacion,2020-05-14,"17,554,322","+19,885",
@xxxtentacion,2020-05-07,"17,534,437","+12,774",
@xxxtentacion,2020-04-19,"17,521,663",,
@xxxtentacion,Total Summary,-,,
@oliviarodrigo,2021-11-16,"19,166,479","+231,244",+1
@oliviarodrigo,2021-11-07,"18,935,235","+226,283",+2
@oliviarodrigo,2021-10-30,"18,708,952","+921,397",+9
@oliviarodrigo,2021-09-27,"17,787,555","+150,800",
@oliviarodrigo,2021-09-23,"17,636,755","+1,359,658",+10
@oliviarodrigo,2021-08-25,"16,277,097","+27,782",+3
@oliviarodrigo,2021-08-24,"16,249,315","+172,016",+4
@oliviarodrigo,2021-08-20,"16,077,299","+1,998,673",+10
@oliviarodrigo,2021-07-08,"14,078,626","+901,528",+3
@oliviarodrigo,2021-06-26,"13,177,098","+4,250,119",+15
@oliviarodrigo,2021-05-20,"8,926,979","+1,001,565",+13
@oliviarodrigo,2021-05-03,"7,925,414","+579,298",+8
@oliviarodrigo,2021-04-14,"7,346,116","+5,082,453",-705
@oliviarodrigo,2020-11-15,"2,263,663","+6,426",+2
@oliviarodrigo,2020-11-11,"2,257,237","+3,428",
@oliviarodrigo,2020-11-07,"2,253,809","+3,889",+2
@oliviarodrigo,2020-11-02,"2,249,920","+3,467",+1
@oliviarodrigo,2020-10-28,"2,246,453","+2,528",+2
@oliviarodrigo,2020-10-24,"2,243,925",-151,+4
@oliviarodrigo,2020-10-20,"2,244,076","+1,512",
@oliviarodrigo,2020-10-15,"2,242,564","+1,074",+1
@oliviarodrigo,2020-10-10,"2,241,490","+1,003",+1
@oliviarodrigo,2020-10-02,"2,240,487","+3,264",+1
@oliviarodrigo,2020-09-26,"2,237,223",-23,+2
@oliviarodrigo,2020-09-21,"2,237,246","+13,408",-1
@oliviarodrigo,2020-08-27,"2,223,838","+21,396",+3
@oliviarodrigo,2020-08-12,"2,202,442","+2,002",+1
@oliviarodrigo,2020-08-08,"2,200,440","+7,064",+5
@oliviarodrigo,2020-07-24,"2,193,376","+6,956",+6
@oliviarodrigo,2020-07-09,"2,186,420",+613,+3
@oliviarodrigo,2020-07-03,"2,185,807",-5519,+4
@oliviarodrigo,2020-06-28,"2,191,326",-54,
@oliviarodrigo,2020-06-24,"2,191,380","+6,506",+1
@oliviarodrigo,2020-06-01,"2,184,874","+1,534",+1
@oliviarodrigo,2020-05-30,"2,183,340","+2,766",
@oliviarodrigo,2020-05-27,"2,180,574","+6,577",
@oliviarodrigo,2020-05-23,"2,173,997","+20,042",+3
@oliviarodrigo,2020-05-09,"2,153,955",,
@oliviarodrigo,Total Summary,-585,,
@oliviarodrigo,,,,
@babyariel,2021-11-08,"9,867,620","+10,850",
@babyariel,2021-10-30,"9,856,770","+87,419",+3
@babyariel,2021-09-24,"9,769,351","+98,247",+5
@babyariel,2021-07-21,"9,671,104","+19,338",+4
@babyariel,2021-07-04,"9,651,766","+3,574",+2
@babyariel,2021-06-30,"9,648,192","+19,220",+3
@babyariel,2021-06-06,"9,628,972","+34,872",+2
@babyariel,2021-05-04,"9,594,100","+6,719",
@babyariel,2021-04-26,"9,587,381",-11230,
@babyariel,2021-04-18,"9,598,611",-381,
@babyariel,2021-04-14,"9,598,992",-162935,+29
@babyariel,2020-11-09,"9,761,927",-7723,+4
@babyariel,2020-11-02,"9,769,650",-4121,+4
@babyariel,2020-10-28,"9,773,771",-2646,+1
@babyariel,2020-10-20,"9,776,417",-13562,+11
@babyariel,2020-09-15,"9,789,979","+18,416",+23
@babyariel,2020-07-17,"9,771,563","+19,103",+3
@babyariel,2020-07-07,"9,752,460",-6572,+7
@babyariel,2020-06-28,"9,759,032",-2074,+2
@babyariel,2020-06-22,"9,761,106",+435,+7
@babyariel,2020-05-30,"9,760,671",+99,+3
@babyariel,2020-05-25,"9,760,572",,
@babyariel,Total Summary,+113,,
@joshrichards,2021-10-04,"7,174,910",-23386,
@joshrichards,2021-09-26,"7,198,296",-42475,+2
@joshrichards,2021-09-13,"7,240,771",-13019,
@joshrichards,2021-09-08,"7,253,790",-26232,
@joshrichards,2021-08-27,"7,280,022",-40204,+2
@joshrichards,2021-08-14,"7,320,226",-15990,
@joshrichards,2021-08-09,"7,336,216",-44380,+5
@joshrichards,2021-06-20,"7,380,596","+54,590",-6
@joshrichards,2021-06-07,"7,326,006",-41995,+2
@joshrichards,2021-05-26,"7,368,001",-13569,
@joshrichards,2021-05-21,"7,381,570",-26532,
@joshrichards,2021-05-12,"7,408,102","+28,793",+3
@joshrichards,2021-04-14,"7,379,309",-14852,+6
@joshrichards,2020-11-13,"7,394,161","+25,894",
@joshrichards,2020-11-09,"7,368,267","+47,621",
@joshrichards,2020-11-05,"7,320,646","+59,653",+2
@joshrichards,2020-11-01,"7,260,993","+9,568",+3
@joshrichards,2020-10-28,"7,251,425","+7,731",
@joshrichards,2020-10-24,"7,243,694","+6,741",
@joshrichards,2020-10-20,"7,236,953","+13,447",
@joshrichards,2020-10-16,"7,223,506","+3,996",+1
@joshrichards,2020-10-12,"7,219,510","+12,167",
@joshrichards,2020-10-08,"7,207,343","+37,302",
@joshrichards,2020-09-22,"7,170,041","+100,392",+2
@joshrichards,2020-08-29,"7,069,649","+17,014",
@joshrichards,2020-08-25,"7,052,635",,
@joshrichards,Total Summary,+22,,
@noahbeck,2021-10-30,"8,517,403","+222,977",+29
@noahbeck,2021-09-25,"8,294,426","+121,382",+15
@noahbeck,2021-09-04,"8,173,044","+317,875",+18
@noahbeck,2021-07-25,"7,855,169","+205,007",+12
@noahbeck,2021-07-12,"7,650,162","+389,218",+18
@noahbeck,2021-06-18,"7,260,944",-4219,+8
@noahbeck,2021-05-24,"7,265,163",-59750,+9
@noahbeck,2021-04-22,"7,324,913",-14482,+1
@noahbeck,2021-04-18,"7,339,395",-10122,+2
@noahbeck,2021-04-14,"7,349,517","+976,618",+35
@noahbeck,2020-11-14,"6,372,899","+74,336",+2
@noahbeck,2020-11-09,"6,298,563","+107,898",+1
@noahbeck,2020-11-05,"6,190,665","+170,171",
@noahbeck,2020-11-01,"6,020,494","+123,669",+2
@noahbeck,2020-10-28,"5,896,825","+106,720",+1
@noahbeck,2020-10-24,"5,790,105","+79,683",+1
@noahbeck,2020-10-20,"5,710,422","+52,649",+2
@noahbeck,2020-10-16,"5,657,773","+81,026",
@noahbeck,2020-10-11,"5,576,747","+94,914",+1
@noahbeck,2020-10-07,"5,481,833","+278,909",+2
@noahbeck,2020-09-28,"5,202,924","+462,778",+3
@noahbeck,2020-09-11,"4,740,146",,
@noahbeck,Total Summary,+162,,
@noahbeck,2021-11-04,"5,653,655",-45474,+1
@noahbeck,2021-10-17,"5,699,129",-7879,+1
@noahbeck,2021-10-13,"5,707,008",-11710,+1
@noahbeck,2021-10-09,"5,718,718",-287969,+25
@noahbeck,2021-07-20,"6,006,687",-45159,+1
@noahbeck,2021-07-11,"6,051,846",-88546,+2
@noahbeck,2021-06-19,"6,140,392",-81688,+1
@noahbeck,2021-05-31,"6,222,080",-51140,+10
@noahbeck,2021-05-23,"6,273,220",-16769,
@noahbeck,2021-05-18,"6,289,989",-111461,+1
@noahbeck,2021-04-18,"6,401,450",-9527,
@noahbeck,2021-04-14,"6,410,977",-851423,-86
@noahbeck,2020-11-15,"7,262,400",-12567,
@noahbeck,2020-11-10,"7,274,967",-26376,+1
@noahbeck,2020-11-06,"7,301,343",-11074,
@noahbeck,2020-11-02,"7,312,417",-21752,+1
@noahbeck,2020-10-29,"7,334,169",-1792,
@noahbeck,2020-10-25,"7,335,961",-8215,
@noahbeck,2020-10-21,"7,344,176",-11568,
@noahbeck,2020-10-17,"7,355,744",-288,
@noahbeck,2020-10-13,"7,356,032",-3720,+1
@noahbeck,2020-10-09,"7,359,752","+9,784",+1
@noahbeck,2020-09-19,"7,349,968",-10296,+1
@noahbeck,2020-09-07,"7,360,264","+67,343",+2
@noahbeck,2020-08-22,"7,292,921","+1,074,536",+14
@noahbeck,2020-07-02,"6,218,385","+134,826",+2
@noahbeck,2020-06-25,"6,083,559","+855,422",+12
@noahbeck,2020-05-30,"5,228,137","+445,215",+5
@noahbeck,2020-05-18,"4,782,922","+206,187",
@noahbeck,2020-05-13,"4,576,735","+112,909",+1
@noahbeck,2020-05-10,"4,463,826","+60,654",+2
@noahbeck,2020-05-08,"4,403,172",,
@noahbeck,Total Summary,-,,
@jakepaul,2021-10-25,"17,527,694","+5,001",
@jakepaul,2021-10-10,"17,522,693","+228,966",+4
@jakepaul,2021-09-20,"17,293,727","+408,483",+12
@jakepaul,2021-08-25,"16,885,244","+79,627",+5
@jakepaul,2021-08-17,"16,805,617","+40,304",+1
@jakepaul,2021-08-13,"16,765,313","+195,231",+4
@jakepaul,2021-07-23,"16,570,082","+109,206",+4
@jakepaul,2021-07-14,"16,460,876","+173,019",+5
@jakepaul,2021-06-27,"16,287,857","+207,935",+3
@jakepaul,2021-06-10,"16,079,922","+277,547",+6
@jakepaul,2021-06-01,"15,802,375","+55,857",+1
@jakepaul,2021-05-28,"15,746,518","+114,305",+1
@jakepaul,2021-05-19,"15,632,213","+655,802",+12
@jakepaul,2021-04-18,"14,976,411","+1,361,615",+61
@jakepaul,2020-11-14,"13,614,796","+12,429",+1
@jakepaul,2020-11-10,"13,602,367","+15,887",
@jakepaul,2020-11-06,"13,586,480","+8,205",+1
@jakepaul,2020-11-02,"13,578,275","+17,880",
@jakepaul,2020-10-29,"13,560,395","+16,257",
@jakepaul,2020-10-25,"13,544,138","+13,681",
@jakepaul,2020-10-21,"13,530,457","+18,864",
@jakepaul,2020-10-17,"13,511,593","+12,744",-1
@jakepaul,2020-10-13,"13,498,849","+7,176",+1
@jakepaul,2020-10-09,"13,491,673","+71,381",+3
@jakepaul,2020-09-23,"13,420,292","+84,176",+1
@jakepaul,2020-09-11,"13,336,116","+29,110",+5
@jakepaul,2020-08-26,"13,307,006",-5891,+1
@jakepaul,2020-08-17,"13,312,897","+57,502",+7
@jakepaul,2020-07-18,"13,255,395","+5,728",+2
@jakepaul,2020-07-09,"13,249,667","+5,954",+1
@jakepaul,2020-07-04,"13,243,713","+8,095",
@jakepaul,2020-06-29,"13,235,618","+13,513",-19
@jakepaul,2020-06-24,"13,222,105","+32,524",-5
@jakepaul,2020-05-30,"13,189,581","+10,458",+1
@jakepaul,2020-05-27,"13,179,123","+13,811",+1
@jakepaul,2020-05-17,"13,165,312","+31,836",+1
@jakepaul,2020-05-10,"13,133,476","+5,801",
@jakepaul,2020-05-09,"13,127,675","+8,979",
@jakepaul,2020-05-08,"13,118,696","+6,036",+1
@jakepaul,2020-05-07,"13,112,660",-1899,
@jakepaul,2020-04-26,"13,114,559","+7,661",
@jakepaul,2020-04-25,"13,106,898",-53239,+2
@jakepaul,2020-04-16,"13,160,137",-57879,+1
@jakepaul,2020-04-15,"13,218,016",,
@jakepaul,Total Summary,+124,,
@brentrivera,2021-11-13,"22,135,589",-718,
@brentrivera,2021-11-08,"22,136,307","+10,326",+2
@brentrivera,2021-10-31,"22,125,981","+42,829",+2
@brentrivera,2021-10-22,"22,083,152","+13,586",+1
@brentrivera,2021-10-17,"22,069,566","+32,161",+1
@brentrivera,2021-10-09,"22,037,405","+31,274",+1
@brentrivera,2021-10-05,"22,006,131","+475,827",+12
@brentrivera,2021-07-24,"21,530,304","+104,606",+3
@brentrivera,2021-06-28,"21,425,698","+323,144",+10
@brentrivera,2021-05-05,"21,102,554","+143,691",+2
@brentrivera,2021-04-18,"20,958,863","+17,976",+1
@brentrivera,2021-04-14,"20,940,887","+317,420",+49
@brentrivera,2020-11-13,"20,623,467","+27,374",+1
@brentrivera,2020-11-09,"20,596,093","+39,781",
@brentrivera,2020-11-05,"20,556,312","+39,186",+3
@brentrivera,2020-11-01,"20,517,126","+24,990",+1
@brentrivera,2020-10-28,"20,492,136",-2802,+2
@brentrivera,2020-10-24,"20,494,938","+21,403",+1
@brentrivera,2020-10-20,"20,473,535","+16,093",+1
@brentrivera,2020-10-16,"20,457,442","+23,108",+1
@brentrivera,2020-10-12,"20,434,334","+26,650",+1
@brentrivera,2020-10-08,"20,407,684","+36,822",+1
@brentrivera,2020-10-04,"20,370,862","+67,717",+4
@brentrivera,2020-09-26,"20,303,145","+35,183",+1
@brentrivera,2020-09-22,"20,267,962","+127,171",+13
@brentrivera,2020-08-24,"20,140,791","+9,436",+5
@brentrivera,2020-08-15,"20,131,355","+18,975",+3
@brentrivera,2020-08-10,"20,112,380","+133,204",+11
@brentrivera,2020-07-21,"19,979,176","+70,338",+3
@brentrivera,2020-07-15,"19,908,838","+99,958",+7
@brentrivera,2020-07-02,"19,808,880","+34,480",+1
@brentrivera,2020-06-28,"19,774,400","+64,856",+3
@brentrivera,2020-06-20,"19,709,544","+203,206",+9
@brentrivera,2020-05-30,"19,506,338","+88,004",+2
@brentrivera,2020-05-25,"19,418,334","+108,191",+4
@brentrivera,2020-05-18,"19,310,143","+104,871",+6
@brentrivera,2020-05-10,"19,205,272","+20,742",+1
@brentrivera,2020-05-08,"19,184,530",,
@brentrivera,Total Summary,+169,,
@daviddobrik,2021-11-07,"12,713,598",-90405,+1
@daviddobrik,2021-10-06,"12,804,003",-29199,
@daviddobrik,2021-09-25,"12,833,202",-334491,+4
@daviddobrik,2021-08-02,"13,167,693",,
@daviddobrik,2021-06-30,"13,167,693",-395727,+2
@daviddobrik,2021-06-02,"13,563,420",-30272,
@daviddobrik,2021-05-29,"13,593,692",-62967,
@daviddobrik,2021-05-21,"13,656,659",-128864,
@daviddobrik,2021-05-05,"13,785,523",-123840,
@daviddobrik,2021-04-23,"13,909,363",-35686,
@daviddobrik,2021-04-18,"13,945,049",-31136,
@daviddobrik,2021-04-14,"13,976,185",-450918,+8
@daviddobrik,2020-11-16,"14,427,103",-4003,+1
@daviddobrik,2020-11-12,"14,431,106","+1,163",
@daviddobrik,2020-11-08,"14,429,943","+5,133",
@daviddobrik,2020-11-04,"14,424,810","+10,459",+2
@daviddobrik,2020-10-31,"14,414,351","+10,586",
@daviddobrik,2020-10-27,"14,403,765","+17,233",
@daviddobrik,2020-10-23,"14,386,532","+10,364",+1
@daviddobrik,2020-10-19,"14,376,168","+3,918",
@daviddobrik,2020-10-15,"14,372,250","+6,627",
@daviddobrik,2020-10-11,"14,365,623","+10,073",+1
@daviddobrik,2020-10-07,"14,355,550","+225,015",+1
@daviddobrik,2020-09-21,"14,130,535","+10,649",
@daviddobrik,2020-09-17,"14,119,886","+15,149",
@daviddobrik,2020-09-13,"14,104,737","+54,143",
@daviddobrik,2020-09-01,"14,050,594","+6,616",+1
@daviddobrik,2020-08-28,"14,043,978","+36,521",+1
@daviddobrik,2020-08-14,"14,007,457","+10,285",
@daviddobrik,2020-08-09,"13,997,172",-2511,
@daviddobrik,2020-08-01,"13,999,683",-60296,
@daviddobrik,2020-07-28,"14,059,979","+891,745",+3
@daviddobrik,2020-07-16,"13,168,234","+11,374",
@daviddobrik,2020-07-11,"13,156,860","+20,550",+1
@daviddobrik,2020-07-07,"13,136,310",-1183,
@daviddobrik,2020-06-28,"13,137,493","+26,417",
@daviddobrik,2020-06-24,"13,111,076","+182,906",+2
@daviddobrik,2020-05-30,"12,928,170","+207,695",
@daviddobrik,2020-05-14,"12,720,475","+42,990",
@daviddobrik,2020-05-12,"12,677,485","+28,977",
@daviddobrik,2020-05-10,"12,648,508","+52,513",+1
@daviddobrik,2020-05-06,"12,595,995","+70,734",
@daviddobrik,2020-05-03,"12,525,261","+13,101",+1
@daviddobrik,2020-05-02,"12,512,160","+82,562",+1
@daviddobrik,2020-04-27,"12,429,598","+69,722",+1
@daviddobrik,2020-04-22,"12,359,876","+18,625",
@daviddobrik,2020-04-21,"12,341,251","+13,545",+1
@daviddobrik,2020-04-20,"12,327,706","+25,558",
@daviddobrik,2020-04-18,"12,302,148","+18,004",
@daviddobrik,2020-04-17,"12,284,144","+14,694",+1
@daviddobrik,2020-04-16,"12,269,450","+18,399",
@daviddobrik,2020-04-14,"12,251,051","+17,398",
@daviddobrik,2020-04-13,"12,233,653","+15,953",
@daviddobrik,2020-04-12,"12,217,700","+156,739",+2
@daviddobrik,2020-04-04,"12,060,961","+73,334",
@daviddobrik,2020-03-30,"11,987,627","+32,020",
@daviddobrik,2020-03-28,"11,955,607","+11,292",
@daviddobrik,2020-03-27,"11,944,315","+19,439",+1
@daviddobrik,2020-03-26,"11,924,876","+13,517",
@daviddobrik,2020-03-25,"11,911,359",,
@daviddobrik,Total Summary,+38,,
@daviddobrik,2021-12-30,"2,160,723","+16,663",+18
@daviddobrik,2021-11-03,"2,144,060","+8,733",+12
@daviddobrik,2021-10-14,"2,135,327","+1,694",+25
@daviddobrik,2021-09-23,"2,133,633","+7,931",+14
@daviddobrik,2021-09-06,"2,125,702","+24,807",-1
@daviddobrik,2021-08-18,"2,100,895","+54,583",+3
@daviddobrik,2021-06-30,"2,046,312","+6,293",+4
@daviddobrik,2021-06-26,"2,040,019","+62,760",+18
@daviddobrik,2021-05-21,"1,977,259","+11,822",+5
@daviddobrik,2021-05-13,"1,965,437","+16,235",+2
@daviddobrik,2021-05-04,"1,949,202","+28,098",+6
@daviddobrik,2021-04-18,"1,921,104","+5,076",+2
@daviddobrik,2021-04-14,"1,916,028","+260,374",+57
@daviddobrik,2020-11-13,"1,655,654","+10,741",+1
@daviddobrik,2020-11-08,"1,644,913","+17,414",+3
@daviddobrik,2020-11-01,"1,627,499","+13,358",+3
@daviddobrik,2020-10-24,"1,614,141","+7,525",+2
@daviddobrik,2020-10-19,"1,606,616","+8,083",+1
@daviddobrik,2020-10-15,"1,598,533","+8,586",+1
@daviddobrik,2020-10-10,"1,589,947","+16,345",+4
@daviddobrik,2020-10-02,"1,573,602",,
@daviddobrik,Total Summary,+180,,
@cocoquinn3,2021-11-09,"4,508,776","+10,369",+2
@cocoquinn3,2021-10-31,"4,498,407","+50,663",+12
@cocoquinn3,2021-09-27,"4,447,744","+10,166",+3
@cocoquinn3,2021-09-22,"4,437,578","+205,575",-252
@cocoquinn3,2021-08-03,"4,232,003",,
@cocoquinn3,2021-07-25,"4,232,003","+67,869",+7
@cocoquinn3,2021-07-08,"4,164,134","+122,501",+3
@cocoquinn3,2021-06-22,"4,041,633","+145,030",-32
@cocoquinn3,2021-05-04,"3,896,603","+64,114",+7
@cocoquinn3,2021-04-18,"3,832,489","+20,452",+1
@cocoquinn3,2021-04-14,"3,812,037","+346,227",+56
@cocoquinn3,2020-11-13,"3,465,810","+3,216",+1
@cocoquinn3,2020-11-08,"3,462,594",+739,+1
@cocoquinn3,2020-11-04,"3,461,855","+1,513",+2
@cocoquinn3,2020-10-29,"3,460,342","+1,848",+1
@cocoquinn3,2020-10-25,"3,458,494","+3,855",+2
@cocoquinn3,2020-10-21,"3,454,639","+4,763",
@cocoquinn3,2020-10-17,"3,449,876","+2,856",+1
@cocoquinn3,2020-10-13,"3,447,020","+11,198",+1
@cocoquinn3,2020-10-07,"3,435,822","+34,025",+9
@cocoquinn3,2020-09-22,"3,401,797","+139,212",+27
@cocoquinn3,2020-08-07,"3,262,585","+79,107",+9
@cocoquinn3,2020-07-15,"3,183,478","+35,803",+6
@cocoquinn3,2020-07-02,"3,147,675","+12,840",+1
@cocoquinn3,2020-06-27,"3,134,835","+75,075",+14
@cocoquinn3,2020-06-01,"3,059,760",,
@cocoquinn3,Total Summary,-118,,
@gavinmagnus,2021-11-11,"2,364,924","+5,909",+8
@gavinmagnus,2021-10-10,"2,359,015","+6,210",+5
@gavinmagnus,2021-09-27,"2,352,805","+3,763",+7
@gavinmagnus,2021-09-13,"2,349,042","+43,209",-63
@gavinmagnus,2021-08-20,"2,305,833","+4,919",+3
@gavinmagnus,2021-08-12,"2,300,914","+16,945",-337
@gavinmagnus,2021-07-24,"2,283,969","+15,494",-56
@gavinmagnus,2021-07-11,"2,268,475","+28,923",-25
@gavinmagnus,2021-06-14,"2,239,552","+33,263",-237
@gavinmagnus,2021-05-05,"2,206,289","+25,394",+6
@gavinmagnus,2021-04-17,"2,180,895","+6,170",
@gavinmagnus,2021-04-13,"2,174,725","+228,696",+31
@gavinmagnus,2020-11-17,"1,946,029","+8,920",
@gavinmagnus,2020-11-12,"1,937,109","+13,057",-4
@gavinmagnus,2020-11-05,"1,924,052","+12,366",+2
@gavinmagnus,2020-10-31,"1,911,686","+8,919",+2
@gavinmagnus,2020-10-26,"1,902,767","+8,715",+1
@gavinmagnus,2020-10-22,"1,894,052","+10,847",+2
@gavinmagnus,2020-10-15,"1,883,205","+5,897",+2
@gavinmagnus,2020-10-11,"1,877,308","+6,367",+1
@gavinmagnus,2020-10-07,"1,870,941","+172,580",+25
@gavinmagnus,2020-07-31,"1,698,361","+132,919",+15
@gavinmagnus,2020-06-24,"1,565,442","+99,016",+8
@gavinmagnus,2020-05-31,"1,466,426","+19,397",+1
@gavinmagnus,2020-05-27,"1,447,029",,
@gavinmagnus,Total Summary,-603,,