Name,Date,upload_tweet
charlidamelio,2021-11-15,+3
charlidamelio,2021-11-14,+12
charlidamelio,2021-11-12,+41
charlidamelio,2021-11-09,+5
charlidamelio,2021-11-07,+3
charlidamelio,2021-11-03,+1
charlidamelio,2021-11-02,+3
charlidamelio,2021-11-01,+8
charlidamelio,2021-10-29,+19
charlidamelio,2021-10-20,+6
charlidamelio,2021-10-13,
charlidamelio,2021-10-11,+3
charlidamelio,2021-10-04,+1
charlidamelio,2021-10-02,+1
charlidamelio,2021-10-01,+2
charlidamelio,2021-09-29,+7
charlidamelio,2021-09-28,-1
charlidamelio,2021-09-23,-1
charlidamelio,2021-09-22,+15
charlidamelio,2021-09-20,+10
charlidamelio,2021-09-19,
charlidamelio,2021-09-18,+3
charlidamelio,2021-09-14,
charlidamelio,2021-09-12,
charlidamelio,2021-09-10,+3
charlidamelio,2021-09-09,
charlidamelio,2021-09-07,
charlidamelio,2021-09-06,+9
charlidamelio,2021-09-01,+32
charlidamelio,2021-08-31,
charlidamelio,2021-08-30,+2
charlidamelio,2021-08-28,+8
charlidamelio,2021-08-24,+2
charlidamelio,2021-08-21,-1
charlidamelio,2021-08-19,+1
charlidamelio,2021-08-18,
charlidamelio,2021-08-17,+7
charlidamelio,2021-08-16,+6
charlidamelio,2021-08-13,+5
charlidamelio,2021-08-10,
charlidamelio,2021-08-09,-2
charlidamelio,2021-08-08,+12
charlidamelio,2021-08-05,
charlidamelio,2021-08-04,-1
charlidamelio,2021-08-02,
charlidamelio,2021-08-01,-1
charlidamelio,2021-07-31,+5
charlidamelio,2021-07-29,
charlidamelio,2021-07-27,
charlidamelio,2021-07-25,
charlidamelio,2021-07-23,+1
charlidamelio,2021-07-19,+43
charlidamelio,2021-07-14,+3
charlidamelio,2021-07-12,
charlidamelio,2021-07-11,
charlidamelio,2021-07-07,
charlidamelio,2021-07-06,
charlidamelio,2021-07-04,+1
charlidamelio,2021-07-02,+10
charlidamelio,2021-06-30,+2
charlidamelio,2021-06-28,+5
charlidamelio,2021-06-27,
charlidamelio,2021-06-26,+7
charlidamelio,2021-06-24,+2
charlidamelio,2021-06-21,
charlidamelio,2021-06-20,
charlidamelio,2021-06-18,+2
charlidamelio,2021-06-15,+1
charlidamelio,2021-06-13,
charlidamelio,2021-06-11,+5
charlidamelio,2021-06-09,
charlidamelio,2021-06-07,
charlidamelio,2021-06-06,
charlidamelio,2021-06-05,
charlidamelio,2021-06-03,
charlidamelio,2021-06-01,-1
charlidamelio,2021-05-29,
charlidamelio,2021-05-28,+5
charlidamelio,2021-05-25,+8
charlidamelio,2021-05-23,
charlidamelio,2021-05-21,+1
charlidamelio,2021-05-20,+2
charlidamelio,2021-05-17,
charlidamelio,2021-05-16,+1
charlidamelio,2021-05-14,+4
charlidamelio,2021-05-13,
charlidamelio,2021-05-11,
charlidamelio,2021-05-10,+4
charlidamelio,2021-05-08,+7
charlidamelio,2021-05-06,+3
charlidamelio,2021-05-04,
charlidamelio,2021-05-03,+1
charlidamelio,2021-05-02,+1
charlidamelio,2021-05-01,+3
charlidamelio,2021-04-29,
charlidamelio,2021-04-27,+5
charlidamelio,2021-04-26,-8
charlidamelio,2021-04-24,
charlidamelio,2021-04-23,+15
charlidamelio,2021-04-22,
charlidamelio,2021-04-21,+7
charlidamelio,2021-04-20,
charlidamelio,2021-04-18,
charlidamelio,2021-04-17,
charlidamelio,2021-04-15,-1
charlidamelio,2021-04-14,+10
charlidamelio,2021-04-13,
charlidamelio,2021-04-11,
charlidamelio,2021-04-10,+7
charlidamelio,2021-03-22,-25
charlidamelio,2021-03-20,
charlidamelio,2021-03-19,
charlidamelio,2021-03-17,+8
charlidamelio,2021-03-14,+2
charlidamelio,2021-03-13,+7
charlidamelio,2021-03-10,
charlidamelio,2021-03-08,+1
charlidamelio,2021-03-07,+8
charlidamelio,2021-03-05,
charlidamelio,2021-03-04,+2
charlidamelio,2021-03-03,+9
charlidamelio,2021-03-01,+14
charlidamelio,2021-02-22,
charlidamelio,2021-02-21,+10
charlidamelio,2021-02-19,+15
charlidamelio,2021-02-15,+2
charlidamelio,2021-02-14,+13
charlidamelio,2021-02-12,
charlidamelio,2021-02-11,
charlidamelio,2021-02-10,+6
charlidamelio,2021-02-05,
charlidamelio,2021-02-04,+1
charlidamelio,2021-02-02,
charlidamelio,2021-02-01,+4
charlidamelio,2021-01-30,
charlidamelio,2021-01-29,+2
charlidamelio,2021-01-27,+8
charlidamelio,2021-01-25,
charlidamelio,2021-01-23,+6
charlidamelio,2021-01-20,
charlidamelio,2021-01-18,+6
charlidamelio,2021-01-17,
charlidamelio,2021-01-16,-13
charlidamelio,2021-01-15,+1
charlidamelio,2021-01-13,+3
charlidamelio,2021-01-11,
charlidamelio,2021-01-09,-1
charlidamelio,2021-01-08,
charlidamelio,2021-01-07,+3
charlidamelio,2021-01-06,+1
charlidamelio,2021-01-03,
charlidamelio,2021-01-01,+9
charlidamelio,2020-12-30,+1
charlidamelio,2020-12-29,
charlidamelio,2020-12-28,+1
charlidamelio,2020-12-27,+10
charlidamelio,2020-12-25,+4
charlidamelio,2020-12-24,+4
charlidamelio,2020-12-22,+1
charlidamelio,2020-12-21,+6
charlidamelio,2020-12-19,+1
charlidamelio,2020-12-18,+2
charlidamelio,2020-12-16,+1
charlidamelio,2020-12-15,+4
charlidamelio,2020-12-14,+4
charlidamelio,2020-12-12,+2
charlidamelio,2020-12-11,+2
charlidamelio,2020-12-09,-12
charlidamelio,2020-12-06,+5
charlidamelio,2020-12-03,+4
charlidamelio,2020-12-02,+2
charlidamelio,2020-12-01,+7
charlidamelio,2020-11-29,
charlidamelio,2020-11-28,+1
charlidamelio,2020-11-26,+5
charlidamelio,2020-11-24,+7
charlidamelio,2020-11-23,+14
charlidamelio,2020-11-21,+3
charlidamelio,2020-11-20,+6
charlidamelio,2020-11-19,+3
charlidamelio,2020-11-18,+7
charlidamelio,2020-11-16,
charlidamelio,2020-11-15,+2
charlidamelio,2020-11-14,
charlidamelio,2020-11-13,
charlidamelio,2020-11-11,+1
charlidamelio,2020-11-10,
charlidamelio,2020-11-08,+3
charlidamelio,2020-11-07,
charlidamelio,2020-11-05,+1
charlidamelio,2020-11-04,+19
charlidamelio,2020-10-29,+7
charlidamelio,2020-10-28,+4
charlidamelio,2020-10-26,
charlidamelio,2020-10-25,+1
charlidamelio,2020-10-24,+12
charlidamelio,2020-10-23,+4
charlidamelio,2020-10-21,+6
charlidamelio,2020-10-20,+3
charlidamelio,2020-10-19,+1
charlidamelio,2020-10-18,+4
charlidamelio,2020-10-17,
charlidamelio,2020-10-16,+10
charlidamelio,2020-10-14,+1
charlidamelio,2020-10-13,+4
charlidamelio,2020-10-11,+8
charlidamelio,2020-10-09,+17
charlidamelio,2020-10-05,+2
charlidamelio,2020-10-04,+5
charlidamelio,2020-10-02,+32
charlidamelio,2020-09-28,+1
charlidamelio,2020-09-26,+8
charlidamelio,2020-09-23,+2
charlidamelio,2020-09-21,+4
charlidamelio,2020-09-18,+3
charlidamelio,2020-09-16,+20
charlidamelio,2020-09-11,+10
charlidamelio,2020-09-08,+13
charlidamelio,2020-09-04,+97
charlidamelio,2020-08-16,+133
charlidamelio,2020-08-04,+240
charlidamelio,2020-07-11,+55
charlidamelio,2020-06-25,+9
charlidamelio,2020-06-22,+78
charlidamelio,2020-06-13,+35
charlidamelio,2020-06-10,+13
charlidamelio,2020-06-01,+41
charlidamelio,2020-05-25,+11
charlidamelio,2020-05-21,+8
charlidamelio,2020-05-19,
charlidamelio,Total Summary,
annieleblanc,2021-07-16,
annieleblanc,2021-07-07,
annieleblanc,2021-05-01,
annieleblanc,2021-04-12,
annieleblanc,2021-04-09,
annieleblanc,2021-03-12,
annieleblanc,2021-03-10,
annieleblanc,2021-03-06,
annieleblanc,2021-01-31,-1
annieleblanc,2021-01-29,
annieleblanc,2021-01-08,
annieleblanc,2020-12-28,
annieleblanc,2020-12-20,+2
annieleblanc,2020-11-16,
annieleblanc,2020-11-13,+3
annieleblanc,2020-10-30,+2
annieleblanc,2020-10-23,+5
annieleblanc,2020-10-09,
annieleblanc,2020-10-06,
annieleblanc,2020-10-03,
annieleblanc,2020-09-30,
annieleblanc,2020-09-23,+1
annieleblanc,2020-08-27,
annieleblanc,2020-07-30,
annieleblanc,2020-07-24,
annieleblanc,2020-07-19,
annieleblanc,2020-06-30,+1
annieleblanc,2020-06-26,+2
annieleblanc,2020-06-13,+1
annieleblanc,2020-06-09,
annieleblanc,2020-05-31,+1
annieleblanc,2020-05-30,+1
annieleblanc,2020-05-28,
annieleblanc,2020-05-24,
annieleblanc,Total Summary,
whoisaddison,2021-11-12,+13
whoisaddison,2021-11-05,+1
whoisaddison,2021-11-04,+8
whoisaddison,2021-11-01,
whoisaddison,2021-10-30,+16
whoisaddison,2021-10-15,+2
whoisaddison,2021-10-14,+3
whoisaddison,2021-10-11,+6
whoisaddison,2021-10-09,+24
whoisaddison,2021-10-04,+3
whoisaddison,2021-09-29,+1
whoisaddison,2021-09-28,-2
whoisaddison,2021-09-26,+2
whoisaddison,2021-09-25,+4
whoisaddison,2021-09-23,+1
whoisaddison,2021-09-22,+2
whoisaddison,2021-09-19,+2
whoisaddison,2021-09-18,+1
whoisaddison,2021-09-16,
whoisaddison,2021-09-11,
whoisaddison,2021-09-10,+3
whoisaddison,2021-09-09,+6
whoisaddison,2021-09-05,
whoisaddison,2021-09-03,
whoisaddison,2021-09-02,+4
whoisaddison,2021-08-28,+17
whoisaddison,2021-08-26,+4
whoisaddison,2021-08-24,+3
whoisaddison,2021-08-21,+11
whoisaddison,2021-08-18,+2
whoisaddison,2021-08-17,+5
whoisaddison,2021-08-16,+2
whoisaddison,2021-08-13,+13
whoisaddison,2021-08-08,+2
whoisaddison,2021-08-05,+26
whoisaddison,2021-07-29,
whoisaddison,2021-07-24,-1
whoisaddison,2021-07-22,-1
whoisaddison,2021-07-20,
whoisaddison,2021-07-17,
whoisaddison,2021-07-15,-2
whoisaddison,2021-07-12,+19
whoisaddison,2021-07-04,
whoisaddison,2021-07-03,+22
whoisaddison,2021-06-27,+9
whoisaddison,2021-06-24,+4
whoisaddison,2021-06-23,+9
whoisaddison,2021-06-21,
whoisaddison,2021-06-19,+4
whoisaddison,2021-06-18,+4
whoisaddison,2021-06-16,+17
whoisaddison,2021-06-14,+8
whoisaddison,2021-06-10,+12
whoisaddison,2021-06-08,+3
whoisaddison,2021-06-07,+2
whoisaddison,2021-06-05,+3
whoisaddison,2021-06-04,+1
whoisaddison,2021-06-02,+5
whoisaddison,2021-05-31,
whoisaddison,2021-05-30,+11
whoisaddison,2021-05-28,+5
whoisaddison,2021-05-26,
whoisaddison,2021-05-25,+5
whoisaddison,2021-05-23,+22
whoisaddison,2021-05-21,+7
whoisaddison,2021-05-18,+7
whoisaddison,2021-05-16,
whoisaddison,2021-05-15,+12
whoisaddison,2021-05-13,+4
whoisaddison,2021-05-12,+17
whoisaddison,2021-05-09,+4
whoisaddison,2021-05-08,+14
whoisaddison,2021-05-05,+10
whoisaddison,2021-05-04,+7
whoisaddison,2021-05-02,+1
whoisaddison,2021-05-01,+3
whoisaddison,2021-04-30,+7
whoisaddison,2021-04-29,+7
whoisaddison,2021-04-27,+2
whoisaddison,2021-04-25,
whoisaddison,2021-04-24,+7
whoisaddison,2021-04-22,+4
whoisaddison,2021-04-21,+5
whoisaddison,2021-04-20,+2
whoisaddison,2021-04-18,+2
whoisaddison,2021-04-17,+5
whoisaddison,2021-04-15,+2
whoisaddison,2021-04-14,-3
whoisaddison,2021-04-12,
whoisaddison,2021-04-11,+2
whoisaddison,2021-04-08,+121
whoisaddison,2021-03-22,+17
whoisaddison,2021-03-20,+53
whoisaddison,2021-03-15,+9
whoisaddison,2021-03-14,+9
whoisaddison,2021-03-12,+11
whoisaddison,2021-03-11,+55
whoisaddison,2021-03-06,+29
whoisaddison,2021-03-02,+10
whoisaddison,2021-02-28,+14
whoisaddison,2021-02-26,+38
whoisaddison,2021-02-18,+9
whoisaddison,2021-02-17,+7
whoisaddison,2021-02-16,+7
whoisaddison,2021-02-15,+28
whoisaddison,2021-02-14,
whoisaddison,2021-02-12,+5
whoisaddison,2021-02-11,+6
whoisaddison,2021-02-09,+9
whoisaddison,2021-02-07,+11
whoisaddison,2021-02-04,+30
whoisaddison,2021-01-28,+9
whoisaddison,2021-01-26,+4
whoisaddison,2021-01-24,+2
whoisaddison,2021-01-23,+19
whoisaddison,2021-01-18,+2
whoisaddison,2021-01-17,+28
whoisaddison,2021-01-12,+32
whoisaddison,2021-01-06,
whoisaddison,Total Summary,
ArianaGrande,2021-11-17,+7
ArianaGrande,2021-11-16,+1
ArianaGrande,2021-11-14,+4
ArianaGrande,2021-11-11,+2
ArianaGrande,2021-11-08,+3
ArianaGrande,2021-11-05,+3
ArianaGrande,2021-11-03,+1
ArianaGrande,2021-11-02,+4
ArianaGrande,2021-10-31,
ArianaGrande,2021-10-29,+1
ArianaGrande,2021-10-28,-1
ArianaGrande,2021-10-27,+2
ArianaGrande,2021-10-25,+2
ArianaGrande,2021-10-24,
ArianaGrande,2021-10-22,+2
ArianaGrande,2021-10-21,+7
ArianaGrande,2021-10-19,+2
ArianaGrande,2021-10-17,
ArianaGrande,2021-10-15,
ArianaGrande,2021-10-13,+6
ArianaGrande,2021-10-10,+3
ArianaGrande,2021-10-07,
ArianaGrande,2021-10-06,+4
ArianaGrande,2021-10-04,
ArianaGrande,2021-10-03,
ArianaGrande,2021-10-01,+1
ArianaGrande,2021-09-30,+2
ArianaGrande,2021-09-29,+5
ArianaGrande,2021-09-27,
ArianaGrande,2021-09-26,
ArianaGrande,2021-09-25,+1
ArianaGrande,2021-09-24,+1
ArianaGrande,2021-09-23,+3
ArianaGrande,2021-09-22,+9
ArianaGrande,2021-09-20,+1
ArianaGrande,2021-09-18,+1
ArianaGrande,2021-09-17,
ArianaGrande,2021-09-15,
ArianaGrande,2021-09-14,+1
ArianaGrande,2021-09-12,
ArianaGrande,2021-09-11,+6
ArianaGrande,2021-09-10,+1
ArianaGrande,2021-09-09,+1
ArianaGrande,2021-09-07,+1
ArianaGrande,2021-09-06,
ArianaGrande,2021-09-05,
ArianaGrande,2021-09-04,-1
ArianaGrande,2021-09-02,
ArianaGrande,2021-09-01,
ArianaGrande,2021-08-31,
ArianaGrande,2021-08-30,
ArianaGrande,2021-08-28,
ArianaGrande,2021-08-26,
ArianaGrande,2021-08-25,-1
ArianaGrande,2021-08-24,+1
ArianaGrande,2021-08-23,
ArianaGrande,2021-08-21,+1
ArianaGrande,2021-08-20,
ArianaGrande,2021-08-18,+6
ArianaGrande,2021-08-15,+2
ArianaGrande,2021-08-14,
ArianaGrande,2021-08-13,
ArianaGrande,2021-08-10,-1
ArianaGrande,2021-08-09,
ArianaGrande,2021-08-07,+5
ArianaGrande,2021-08-06,+2
ArianaGrande,2021-08-05,
ArianaGrande,2021-08-04,+1
ArianaGrande,2021-08-02,+3
ArianaGrande,2021-08-01,
ArianaGrande,2021-07-30,+4
ArianaGrande,2021-07-29,
ArianaGrande,2021-07-24,
ArianaGrande,2021-07-23,+10
ArianaGrande,2021-07-18,+1
ArianaGrande,2021-07-17,+4
ArianaGrande,2021-07-15,+4
ArianaGrande,2021-07-14,+1
ArianaGrande,2021-07-13,
ArianaGrande,2021-07-10,-1
ArianaGrande,2021-07-09,+5
ArianaGrande,2021-07-07,+3
ArianaGrande,2021-07-01,+3
ArianaGrande,2021-06-28,
ArianaGrande,2021-06-27,
ArianaGrande,2021-06-25,-1
ArianaGrande,2021-06-22,+2
ArianaGrande,2021-06-20,+1
ArianaGrande,2021-06-18,+1
ArianaGrande,2021-06-17,+3
ArianaGrande,2021-06-13,
ArianaGrande,2021-06-12,
ArianaGrande,2021-06-11,+1
ArianaGrande,2021-06-06,
ArianaGrande,2021-06-05,
ArianaGrande,2021-06-03,
ArianaGrande,2021-05-31,
ArianaGrande,2021-05-29,+2
ArianaGrande,2021-05-27,+1
ArianaGrande,2021-05-25,
ArianaGrande,2021-05-23,+3
ArianaGrande,2021-05-18,
ArianaGrande,2021-05-15,
ArianaGrande,2021-05-13,+3
ArianaGrande,2021-05-11,+1
ArianaGrande,2021-05-09,
ArianaGrande,2021-05-07,
ArianaGrande,2021-05-04,+1
ArianaGrande,2021-05-02,
ArianaGrande,2021-05-01,+5
ArianaGrande,2021-04-28,
ArianaGrande,2021-04-23,+7
ArianaGrande,2021-04-22,+2
ArianaGrande,2021-04-21,+2
ArianaGrande,2021-04-20,+2
ArianaGrande,2021-04-15,
ArianaGrande,2021-04-13,-1
ArianaGrande,2021-04-12,
ArianaGrande,2021-04-09,+2
ArianaGrande,2021-04-06,+2
ArianaGrande,2021-03-17,+3
ArianaGrande,2021-03-14,-1
ArianaGrande,2021-03-12,
ArianaGrande,2021-03-10,+1
ArianaGrande,2021-03-04,
ArianaGrande,2021-03-02,-4
ArianaGrande,2021-02-21,+6
ArianaGrande,2021-02-19,+10
ArianaGrande,2021-02-17,+9
ArianaGrande,2021-02-12,+15
ArianaGrande,2021-02-07,+1
ArianaGrande,2021-02-04,+1
ArianaGrande,2021-02-02,+3
ArianaGrande,2021-01-28,+1
ArianaGrande,2021-01-24,+8
ArianaGrande,2021-01-14,+1
ArianaGrande,2021-01-13,
ArianaGrande,2021-01-11,+4
ArianaGrande,2021-01-03,
ArianaGrande,2021-01-02,+1
ArianaGrande,2020-12-29,
ArianaGrande,2020-12-26,+1
ArianaGrande,2020-12-24,+7
ArianaGrande,2020-12-21,+1
ArianaGrande,2020-12-20,+9
ArianaGrande,2020-12-16,+9
ArianaGrande,2020-12-05,+13
ArianaGrande,2020-11-29,+2
ArianaGrande,2020-11-27,+1
ArianaGrande,2020-11-22,
ArianaGrande,2020-11-21,
ArianaGrande,2020-11-19,+29
ArianaGrande,2020-11-08,+8
ArianaGrande,2020-11-05,+2
ArianaGrande,2020-11-03,+44
ArianaGrande,2020-10-30,+13
ArianaGrande,2020-10-27,+5
ArianaGrande,2020-10-26,+33
ArianaGrande,2020-10-22,
ArianaGrande,2020-10-19,
ArianaGrande,2020-10-18,+2
ArianaGrande,2020-10-16,
ArianaGrande,2020-10-15,+1
ArianaGrande,2020-10-14,
ArianaGrande,2020-10-12,-1
ArianaGrande,2020-10-08,+2
ArianaGrande,2020-10-06,+2
ArianaGrande,2020-10-04,
ArianaGrande,2020-10-01,
ArianaGrande,2020-09-30,
ArianaGrande,2020-09-26,
ArianaGrande,2020-09-23,
ArianaGrande,2020-09-22,
ArianaGrande,2020-09-19,-1
ArianaGrande,2020-09-17,-1
ArianaGrande,2020-09-15,+6
ArianaGrande,2020-09-12,
ArianaGrande,2020-09-11,
ArianaGrande,2020-09-09,
ArianaGrande,2020-09-07,
ArianaGrande,2020-09-05,+24
ArianaGrande,2020-08-27,
ArianaGrande,2020-08-25,
ArianaGrande,2020-08-22,
ArianaGrande,2020-08-21,-2
ArianaGrande,2020-08-19,+15
ArianaGrande,2020-08-17,
ArianaGrande,2020-08-16,+5
ArianaGrande,2020-08-14,+17
ArianaGrande,2020-08-07,+5
ArianaGrande,2020-07-30,
ArianaGrande,2020-07-29,+23
ArianaGrande,2020-07-28,+1
ArianaGrande,2020-07-26,
ArianaGrande,2020-07-24,+1
ArianaGrande,2020-07-16,
ArianaGrande,2020-07-14,
ArianaGrande,2020-07-11,-4
ArianaGrande,2020-07-09,+2
ArianaGrande,2020-07-05,
ArianaGrande,2020-07-01,-1
ArianaGrande,2020-06-29,+1
ArianaGrande,2020-06-28,+2
ArianaGrande,2020-06-25,+1
ArianaGrande,2020-06-23,+5
ArianaGrande,2020-06-18,
ArianaGrande,2020-06-17,+2
ArianaGrande,2020-06-06,+10
ArianaGrande,2020-06-05,
ArianaGrande,2020-06-04,+28
ArianaGrande,2020-05-28,+23
ArianaGrande,2020-05-25,+36
ArianaGrande,2020-05-19,+12
ArianaGrande,2020-05-18,+4
ArianaGrande,2020-05-15,+32
ArianaGrande,2020-05-13,+20
ArianaGrande,2020-05-10,+12
ArianaGrande,2020-05-09,+10
ArianaGrande,2020-05-08,+45
ArianaGrande,2020-05-07,
ArianaGrande,2020-05-06,+2
ArianaGrande,2020-05-05,+1
ArianaGrande,2020-05-04,+5
ArianaGrande,2020-05-03,
ArianaGrande,2020-05-02,+9
ArianaGrande,2020-05-01,
ArianaGrande,2020-04-30,+6
ArianaGrande,2020-04-29,+15
ArianaGrande,2020-04-28,+2
ArianaGrande,2020-04-26,+13
ArianaGrande,2020-04-25,+3
ArianaGrande,2020-04-24,+3
ArianaGrande,2020-04-23,+11
ArianaGrande,2020-04-22,+4
ArianaGrande,2020-04-21,+3
ArianaGrande,2020-04-20,+1
ArianaGrande,2020-04-19,+1
ArianaGrande,2020-04-18,+4
ArianaGrande,2020-04-17,+4
ArianaGrande,2020-04-16,+6
ArianaGrande,2020-04-15,
ArianaGrande,2020-04-14,+1
ArianaGrande,2020-04-13,
ArianaGrande,2020-04-12,
ArianaGrande,2020-04-11,-3
ArianaGrande,2020-04-10,+12
ArianaGrande,2020-04-09,+3
ArianaGrande,2020-04-08,+1
ArianaGrande,2020-04-07,+11
ArianaGrande,2020-04-06,+13
ArianaGrande,2020-04-05,+4
ArianaGrande,2020-04-04,
ArianaGrande,2020-04-02,
ArianaGrande,2020-04-01,+3
ArianaGrande,2020-03-31,
ArianaGrande,2020-03-30,
ArianaGrande,Total Summary,
justinbieber,2021-11-11,+4
justinbieber,2021-11-09,+4
justinbieber,2021-11-08,+3
justinbieber,2021-11-03,+1
justinbieber,2021-11-02,
justinbieber,2021-10-31,-1
justinbieber,2021-10-29,+1
justinbieber,2021-10-27,-3
justinbieber,2021-10-17,-2
justinbieber,2021-10-13,+1
justinbieber,2021-10-11,+4
justinbieber,2021-10-08,+3
justinbieber,2021-10-06,
justinbieber,2021-10-05,
justinbieber,2021-10-03,
justinbieber,2021-10-02,+1
justinbieber,2021-09-30,
justinbieber,2021-09-29,
justinbieber,2021-09-26,
justinbieber,2021-09-25,+1
justinbieber,2021-09-23,
justinbieber,2021-09-22,
justinbieber,2021-09-21,
justinbieber,2021-09-17,-2
justinbieber,2021-09-16,+4
justinbieber,2021-09-11,+1
justinbieber,2021-09-10,+1
justinbieber,2021-09-07,-1
justinbieber,2021-09-06,
justinbieber,2021-09-05,
justinbieber,2021-09-03,
justinbieber,2021-08-26,-1
justinbieber,2021-08-24,-1
justinbieber,2021-08-22,+4
justinbieber,2021-08-17,
justinbieber,2021-08-15,+4
justinbieber,2021-08-12,
justinbieber,2021-08-11,+2
justinbieber,2021-08-10,+2
justinbieber,2021-08-07,+1
justinbieber,2021-08-04,
justinbieber,2021-08-03,-2
justinbieber,2021-07-31,-12
justinbieber,2021-07-29,
justinbieber,2021-07-23,
justinbieber,2021-07-21,-1
justinbieber,2021-07-19,
justinbieber,2021-07-18,
justinbieber,2021-07-15,
justinbieber,2021-07-14,
justinbieber,2021-07-13,-3
justinbieber,2021-07-02,
justinbieber,2021-06-28,+3
justinbieber,2021-06-27,-2
justinbieber,2021-06-19,
justinbieber,2021-06-18,-1
justinbieber,2021-06-17,+1
justinbieber,2021-06-14,-1
justinbieber,2021-06-13,-1
justinbieber,2021-06-10,+1
justinbieber,2021-06-08,+7
justinbieber,2021-06-04,
justinbieber,2021-06-03,-1
justinbieber,2021-06-02,-2
justinbieber,2021-05-27,
justinbieber,2021-05-25,+1
justinbieber,2021-05-24,
justinbieber,2021-05-21,-2
justinbieber,2021-05-20,-7
justinbieber,2021-05-19,
justinbieber,2021-05-18,-1
justinbieber,2021-05-15,+1
justinbieber,2021-05-13,-1
justinbieber,2021-05-11,
justinbieber,2021-05-09,
justinbieber,2021-05-08,+1
justinbieber,2021-05-07,-1
justinbieber,2021-05-05,
justinbieber,2021-05-04,+1
justinbieber,2021-05-03,-1
justinbieber,2021-05-01,-1
justinbieber,2021-04-28,+1
justinbieber,2021-04-23,+2
justinbieber,2021-04-21,-4
justinbieber,2021-04-16,
justinbieber,2021-04-14,+9
justinbieber,2021-04-08,+6
justinbieber,2021-04-06,+65
justinbieber,2021-03-18,+15
justinbieber,2021-03-15,+8
justinbieber,2021-03-11,+20
justinbieber,2021-02-27,+8
justinbieber,2021-02-22,
justinbieber,2021-02-20,-1
justinbieber,2021-02-18,+10
justinbieber,2021-02-11,+1
justinbieber,2021-02-09,-2
justinbieber,2021-02-07,
justinbieber,2021-02-06,-1
justinbieber,2021-02-03,-2
justinbieber,2021-01-28,
justinbieber,2021-01-24,-3
justinbieber,2021-01-18,
justinbieber,2021-01-16,
justinbieber,2021-01-14,+13
justinbieber,2021-01-02,+15
justinbieber,2020-12-26,+1
justinbieber,2020-12-25,+1
justinbieber,2020-12-23,+1
justinbieber,2020-12-21,+1
justinbieber,2020-12-20,+5
justinbieber,2020-12-16,+2
justinbieber,2020-12-08,+2
justinbieber,2020-12-04,+1
justinbieber,2020-12-02,+1
justinbieber,2020-12-01,+1
justinbieber,2020-11-28,+4
justinbieber,2020-11-25,+1
justinbieber,2020-11-24,+5
justinbieber,2020-11-23,+8
justinbieber,2020-11-21,+19
justinbieber,2020-11-17,+1
justinbieber,2020-11-13,+4
justinbieber,2020-11-05,+2
justinbieber,2020-11-03,
justinbieber,2020-11-02,-2
justinbieber,2020-10-31,+1
justinbieber,2020-10-29,+6
justinbieber,2020-10-19,+4
justinbieber,2020-10-18,+13
justinbieber,2020-10-16,+13
justinbieber,2020-10-14,+4
justinbieber,2020-10-12,
justinbieber,2020-10-11,+4
justinbieber,2020-10-09,-1
justinbieber,2020-10-03,+6
justinbieber,2020-10-01,-1
justinbieber,2020-09-29,+3
justinbieber,2020-09-26,+6
justinbieber,2020-09-22,+47
justinbieber,2020-09-17,+6
justinbieber,2020-09-15,+3
justinbieber,2020-09-14,+5
justinbieber,2020-09-11,
justinbieber,2020-09-10,-2
justinbieber,2020-09-08,
justinbieber,2020-09-07,-1
justinbieber,2020-09-03,-6
justinbieber,2020-08-29,
justinbieber,2020-08-26,-2
justinbieber,2020-08-25,-2
justinbieber,2020-08-21,-7
justinbieber,2020-08-17,-1
justinbieber,2020-08-14,-1
justinbieber,2020-08-11,-1
justinbieber,2020-08-09,+1
justinbieber,2020-08-08,
justinbieber,2020-08-06,-1
justinbieber,2020-08-05,
justinbieber,2020-08-02,-2
justinbieber,2020-07-26,-1
justinbieber,2020-07-23,-3
justinbieber,2020-07-19,-4
justinbieber,2020-07-14,-5
justinbieber,2020-07-11,-3
justinbieber,2020-07-06,-2
justinbieber,2020-07-02,-2
justinbieber,2020-06-30,
justinbieber,2020-06-28,
justinbieber,2020-06-25,+1
justinbieber,2020-06-23,+16
justinbieber,2020-06-19,+1
justinbieber,2020-06-17,+5
justinbieber,2020-06-16,+3
justinbieber,2020-06-13,-1
justinbieber,2020-06-12,+10
justinbieber,2020-06-10,-1
justinbieber,2020-06-09,-1
justinbieber,2020-06-07,
justinbieber,2020-06-06,
justinbieber,Total Summary,
jacobsartorius,2021-11-06,+59
jacobsartorius,2021-09-17,+13
jacobsartorius,2021-09-11,+36
jacobsartorius,2021-08-15,+39
jacobsartorius,2021-07-20,+43
jacobsartorius,2021-07-07,+16
jacobsartorius,2021-06-28,-1
jacobsartorius,2021-06-26,+2
jacobsartorius,2021-06-25,+110
jacobsartorius,2021-05-19,+24
jacobsartorius,2021-04-25,-3
jacobsartorius,2021-04-17,+2
jacobsartorius,2021-04-15,+3
jacobsartorius,2021-04-10,+36
jacobsartorius,2021-03-21,
jacobsartorius,2021-03-19,+1
jacobsartorius,2021-03-17,+1
jacobsartorius,2021-03-14,+7
jacobsartorius,2021-03-03,+52
jacobsartorius,2021-02-14,+57
jacobsartorius,2021-01-26,+38
jacobsartorius,2021-01-07,+20
jacobsartorius,2020-12-27,+14
jacobsartorius,2020-12-14,+82
jacobsartorius,2020-11-23,+36
jacobsartorius,2020-11-04,+27
jacobsartorius,2020-10-19,+3
jacobsartorius,2020-10-12,+6
jacobsartorius,2020-09-27,+6
jacobsartorius,2020-09-05,+3
jacobsartorius,2020-08-27,+9
jacobsartorius,2020-08-06,+12
jacobsartorius,2020-07-12,+3
jacobsartorius,2020-06-26,+2
jacobsartorius,2020-06-20,+8
jacobsartorius,2020-06-08,+5
jacobsartorius,2020-05-31,
jacobsartorius,2020-05-27,+3
jacobsartorius,2020-05-26,+9
jacobsartorius,2020-05-21,+3
jacobsartorius,2020-05-20,+6
jacobsartorius,2020-05-15,
jacobsartorius,Total Summary,
dixiedamelio,2021-09-26,
dixiedamelio,2021-09-24,+71
dixiedamelio,2021-08-16,+12
dixiedamelio,2021-08-07,+126
dixiedamelio,2021-07-22,+23
dixiedamelio,2021-07-18,+4
dixiedamelio,2021-07-09,+8
dixiedamelio,2021-07-02,+31
dixiedamelio,2021-06-14,+2
dixiedamelio,2021-06-13,
dixiedamelio,2021-06-06,
dixiedamelio,2021-06-04,
dixiedamelio,2021-06-03,+8
dixiedamelio,2021-05-24,+3
dixiedamelio,2021-05-22,+2
dixiedamelio,2021-05-19,+2
dixiedamelio,2021-05-17,+1
dixiedamelio,2021-05-15,+45
dixiedamelio,2021-04-23,+177
dixiedamelio,2021-03-01,+13
dixiedamelio,2021-02-28,+25
dixiedamelio,2021-02-13,+3
dixiedamelio,2021-01-05,
dixiedamelio,2021-01-03,+33
dixiedamelio,2020-12-26,+68
dixiedamelio,2020-12-16,+33
dixiedamelio,2020-12-13,+19
dixiedamelio,2020-12-10,+31
dixiedamelio,2020-12-01,+47
dixiedamelio,2020-11-11,+3
dixiedamelio,2020-11-08,+73
dixiedamelio,2020-10-27,+26
dixiedamelio,2020-10-23,+24
dixiedamelio,2020-10-16,+8
dixiedamelio,2020-10-13,+11
dixiedamelio,2020-10-08,+18
dixiedamelio,2020-10-06,+24
dixiedamelio,2020-09-27,+47
dixiedamelio,2020-09-19,+14
dixiedamelio,2020-09-16,+26
dixiedamelio,2020-09-12,+13
dixiedamelio,2020-09-11,+105
dixiedamelio,2020-08-11,+211
dixiedamelio,2020-08-01,+41
dixiedamelio,2020-07-28,+238
dixiedamelio,2020-07-09,+82
dixiedamelio,2020-07-04,+53
dixiedamelio,2020-07-01,+19
dixiedamelio,2020-06-27,+23
dixiedamelio,2020-06-26,+15
dixiedamelio,2020-06-24,+97
dixiedamelio,2020-06-09,+17
dixiedamelio,2020-06-03,+37
dixiedamelio,2020-05-28,+23
dixiedamelio,2020-05-26,+9
dixiedamelio,2020-05-25,+13
dixiedamelio,2020-05-24,+52
dixiedamelio,2020-05-20,+7
dixiedamelio,2020-05-19,
dixiedamelio,Total Summary,
xhuddy,2021-09-06,+6
xhuddy,2021-08-22,+15
xhuddy,2021-08-07,+22
xhuddy,2021-08-04,+23
xhuddy,2021-07-10,+1
xhuddy,2021-07-08,+7
xhuddy,2021-07-03,+4
xhuddy,2021-06-25,+15
xhuddy,2021-06-11,+2
xhuddy,2021-06-09,
xhuddy,2021-06-08,+1
xhuddy,2021-06-06,+3
xhuddy,2021-06-05,+2
xhuddy,2021-06-03,+2
xhuddy,2021-06-02,+1
xhuddy,2021-05-31,+4
xhuddy,2021-05-27,+6
xhuddy,2021-05-20,+2
xhuddy,2021-05-17,+3
xhuddy,2021-05-15,+11
xhuddy,2021-05-13,+10
xhuddy,2021-05-04,+1
xhuddy,2021-05-03,
xhuddy,2021-04-30,+6
xhuddy,2021-04-24,+25
xhuddy,2021-04-17,+10
xhuddy,2021-04-14,+1
xhuddy,2021-04-10,+22
xhuddy,2021-03-22,+2
xhuddy,2021-03-21,+4
xhuddy,2021-03-19,+5
xhuddy,2021-03-15,
xhuddy,2021-03-13,+3
xhuddy,2021-03-10,+2
xhuddy,2021-03-08,+2
xhuddy,2021-03-05,+1
xhuddy,2021-03-04,+4
xhuddy,2021-03-03,+2
xhuddy,2021-03-01,+9
xhuddy,2021-02-22,+5
xhuddy,2021-02-20,+28
xhuddy,2021-02-14,+4
xhuddy,2021-02-11,+2
xhuddy,2021-02-10,+8
xhuddy,2021-02-06,+3
xhuddy,2021-02-03,+2
xhuddy,2021-02-01,+6
xhuddy,2021-01-27,+6
xhuddy,2021-01-24,+13
xhuddy,2021-01-22,+10
xhuddy,2021-01-20,+3
xhuddy,2021-01-18,
xhuddy,2021-01-16,+4
xhuddy,2021-01-14,+1
xhuddy,2021-01-13,
xhuddy,2021-01-12,-5
xhuddy,2021-01-08,
xhuddy,2021-01-07,+3
xhuddy,2020-12-31,+1
xhuddy,2020-12-28,-2
xhuddy,2020-12-27,
xhuddy,2020-12-25,+1
xhuddy,2020-12-23,+3
xhuddy,2020-12-20,-675
xhuddy,2020-12-19,-347
xhuddy,2020-12-17,+1
xhuddy,2020-12-16,+4
xhuddy,2020-12-14,+1
xhuddy,2020-12-13,+2
xhuddy,2020-12-11,+5
xhuddy,2020-12-03,-1
xhuddy,2020-11-30,
xhuddy,2020-11-28,+4
xhuddy,2020-11-26,-1
xhuddy,2020-11-23,+2
xhuddy,2020-11-19,+22
xhuddy,2020-11-10,+7
xhuddy,2020-11-08,+8
xhuddy,2020-11-06,+1
xhuddy,2020-11-05,+8
xhuddy,2020-10-29,+5
xhuddy,2020-10-25,+3
xhuddy,2020-10-23,+1
xhuddy,2020-10-22,+2
xhuddy,2020-10-18,+1
xhuddy,2020-10-13,+3
xhuddy,2020-10-11,-5
xhuddy,2020-10-06,+1
xhuddy,2020-10-04,+3
xhuddy,2020-09-30,+40
xhuddy,2020-09-04,+36
xhuddy,2020-07-30,-11
xhuddy,2020-07-08,-3
xhuddy,2020-07-07,+16
xhuddy,2020-06-28,+32
xhuddy,2020-06-10,+6
xhuddy,2020-06-01,-1
xhuddy,2020-05-29,+3
xhuddy,2020-05-27,+2
xhuddy,2020-05-25,+13
xhuddy,2020-05-19,+17
xhuddy,2020-05-15,+10
xhuddy,2020-05-11,
xhuddy,Total Summary,
itsjojosiwa,2021-10-25,+12
itsjojosiwa,2021-10-05,+2
itsjojosiwa,2021-09-26,+7
itsjojosiwa,2021-09-19,+5
itsjojosiwa,2021-09-14,+32
itsjojosiwa,2021-08-15,+31
itsjojosiwa,2021-07-30,
itsjojosiwa,2021-07-27,
itsjojosiwa,2021-05-16,+3
itsjojosiwa,2021-04-21,+2
itsjojosiwa,2021-04-15,+8
itsjojosiwa,2021-03-16,
itsjojosiwa,2021-03-11,+7
itsjojosiwa,2021-02-16,-1
itsjojosiwa,2021-02-11,+17
itsjojosiwa,2021-01-24,+9
itsjojosiwa,2021-01-23,+7
itsjojosiwa,2021-01-05,+35
itsjojosiwa,2020-11-25,+3
itsjojosiwa,2020-11-21,+11
itsjojosiwa,2020-11-02,+5
itsjojosiwa,2020-10-17,
itsjojosiwa,2020-10-11,+24
itsjojosiwa,2020-09-19,+17
itsjojosiwa,2020-09-01,+35
itsjojosiwa,2020-07-23,+11
itsjojosiwa,2020-07-04,+33
itsjojosiwa,2020-06-12,+5
itsjojosiwa,2020-06-03,+10
itsjojosiwa,2020-05-27,+13
itsjojosiwa,2020-05-21,+48
itsjojosiwa,2020-05-16,+5
itsjojosiwa,2020-05-13,
itsjojosiwa,Total Summary,
maddieziegler,2021-11-08,
maddieziegler,2021-11-01,
maddieziegler,2021-10-21,
maddieziegler,2021-09-24,
maddieziegler,2021-09-12,
maddieziegler,2021-08-24,+17
maddieziegler,2021-06-13,+2
maddieziegler,2021-05-20,
maddieziegler,2021-05-18,+1
maddieziegler,2021-03-20,-1
maddieziegler,2021-02-12,-18
maddieziegler,2021-01-03,+7
maddieziegler,2020-12-06,+2
maddieziegler,2020-11-08,+15
maddieziegler,2020-10-22,+2
maddieziegler,2020-10-14,+8
maddieziegler,2020-09-30,+22
maddieziegler,2020-08-18,-1
maddieziegler,2020-08-14,+1
maddieziegler,2020-07-19,
maddieziegler,2020-06-30,+1
maddieziegler,2020-06-24,
maddieziegler,2020-06-13,-1
maddieziegler,2020-06-08,
maddieziegler,2020-05-31,
maddieziegler,2020-05-30,
maddieziegler,2020-05-29,+1
maddieziegler,2020-05-24,
maddieziegler,2020-05-19,
maddieziegler,Total Summary,
jamescharles,2021-11-07,+7
jamescharles,2021-11-04,
jamescharles,2021-11-03,+2
jamescharles,2021-10-31,+3
jamescharles,2021-10-30,+16
jamescharles,2021-10-22,
jamescharles,2021-10-20,-3
jamescharles,2021-10-18,-3
jamescharles,2021-10-10,+10
jamescharles,2021-10-07,+5
jamescharles,2021-09-27,+3
jamescharles,2021-09-24,+1
jamescharles,2021-09-22,-1
jamescharles,2021-09-19,
jamescharles,2021-09-18,+2
jamescharles,2021-09-17,
jamescharles,2021-09-14,
jamescharles,2021-09-13,+3
jamescharles,2021-09-12,+2
jamescharles,2021-09-07,
jamescharles,2021-09-05,+4
jamescharles,2021-09-03,-1
jamescharles,2021-08-30,+1
jamescharles,2021-08-28,+2
jamescharles,2021-08-26,
jamescharles,2021-08-25,
jamescharles,2021-08-23,+4
jamescharles,2021-08-19,
jamescharles,2021-08-15,+1
jamescharles,2021-08-14,+2
jamescharles,2021-08-12,
jamescharles,2021-08-08,+3
jamescharles,2021-08-06,+6
jamescharles,2021-07-31,+3
jamescharles,2021-07-30,
jamescharles,2021-07-27,
jamescharles,2021-07-19,
jamescharles,2021-07-18,+4
jamescharles,2021-07-15,-2
jamescharles,2021-07-10,+8
jamescharles,2021-07-09,
jamescharles,2021-07-06,-4
jamescharles,2021-07-01,-5
jamescharles,2021-06-30,-1
jamescharles,2021-06-26,
jamescharles,2021-06-25,-1
jamescharles,2021-06-22,-2
jamescharles,2021-06-19,-1
jamescharles,2021-06-13,
jamescharles,2021-06-11,-3
jamescharles,2021-06-08,
jamescharles,2021-06-07,
jamescharles,2021-06-05,-2
jamescharles,2021-06-03,-3
jamescharles,2021-06-01,-1
jamescharles,2021-05-30,
jamescharles,2021-05-26,-1
jamescharles,2021-05-24,+1
jamescharles,2021-05-22,
jamescharles,2021-05-21,
jamescharles,2021-05-19,
jamescharles,2021-05-18,-1
jamescharles,2021-05-15,
jamescharles,2021-05-13,
jamescharles,2021-05-12,
jamescharles,2021-05-10,
jamescharles,2021-05-08,-1
jamescharles,2021-05-07,
jamescharles,2021-05-06,
jamescharles,2021-05-03,
jamescharles,2021-05-01,-3
jamescharles,2021-04-29,
jamescharles,2021-04-28,
jamescharles,2021-04-27,
jamescharles,2021-04-25,-1
jamescharles,2021-04-23,-3
jamescharles,2021-04-22,
jamescharles,2021-04-20,
jamescharles,2021-04-16,-5
jamescharles,2021-04-14,-1
jamescharles,2021-04-10,+38
jamescharles,2021-03-22,+1
jamescharles,2021-03-21,+10
jamescharles,2021-03-18,+3
jamescharles,2021-03-16,+39
jamescharles,2021-03-08,+2
jamescharles,2021-03-06,+13
jamescharles,2021-03-02,+4
jamescharles,2021-03-01,-7
jamescharles,2021-02-27,+2
jamescharles,2021-02-26,+30
jamescharles,2021-02-17,+1
jamescharles,2021-02-16,+63
jamescharles,2021-01-28,+38
jamescharles,2021-01-19,+4
jamescharles,2021-01-17,+24
jamescharles,2021-01-11,-44
jamescharles,2021-01-02,+49
jamescharles,2020-12-26,+35
jamescharles,2020-12-21,+12
jamescharles,2020-12-19,+59
jamescharles,2020-12-09,+3
jamescharles,2020-12-07,+48
jamescharles,2020-11-28,+29
jamescharles,2020-11-24,+62
jamescharles,2020-11-16,+29
jamescharles,2020-11-15,+110
jamescharles,2020-11-03,+23
jamescharles,2020-11-01,+84
jamescharles,2020-10-19,+81
jamescharles,2020-10-05,+12
jamescharles,2020-10-02,+17
jamescharles,2020-09-29,+9
jamescharles,2020-09-26,+24
jamescharles,2020-09-23,+101
jamescharles,2020-08-16,+110
jamescharles,2020-07-26,+92
jamescharles,2020-07-06,+9
jamescharles,2020-07-04,+17
jamescharles,2020-06-25,+27
jamescharles,2020-06-21,+77
jamescharles,2020-06-09,+27
jamescharles,2020-05-31,+48
jamescharles,2020-05-24,+52
jamescharles,2020-05-19,
jamescharles,Total Summary,
iamlorengray,2021-11-09,+102
iamlorengray,2021-09-13,+2
iamlorengray,2021-09-12,+39
iamlorengray,2021-08-26,+6
iamlorengray,2021-08-21,+14
iamlorengray,2021-08-12,+28
iamlorengray,2021-07-21,+168
iamlorengray,2021-05-24,+361
iamlorengray,2021-03-19,+109
iamlorengray,2021-03-02,+51
iamlorengray,2021-02-10,+99
iamlorengray,2021-01-20,+93
iamlorengray,2020-12-31,+37
iamlorengray,2020-12-21,+28
iamlorengray,2020-12-15,+120
iamlorengray,2020-11-23,+50
iamlorengray,2020-11-16,+27
iamlorengray,2020-11-13,+48
iamlorengray,2020-11-11,+106
iamlorengray,2020-10-25,+13
iamlorengray,2020-10-24,+53
iamlorengray,2020-10-16,+96
iamlorengray,2020-09-30,+22
iamlorengray,2020-09-27,+302
iamlorengray,2020-08-28,+32
iamlorengray,2020-08-21,+10
iamlorengray,2020-08-19,+29
iamlorengray,2020-08-08,+154
iamlorengray,2020-07-13,+59
iamlorengray,2020-06-27,+28
iamlorengray,2020-06-19,+22
iamlorengray,2020-06-07,+26
iamlorengray,2020-05-30,+4
iamlorengray,2020-05-29,+13
iamlorengray,2020-05-26,+5
iamlorengray,2020-05-23,+19
iamlorengray,2020-05-17,
iamlorengray,Total Summary,
billieeilish,2021-11-10,+4
billieeilish,2021-11-07,+2
billieeilish,2021-11-05,+1
billieeilish,2021-11-03,+1
billieeilish,2021-11-01,
billieeilish,2021-10-30,
billieeilish,2021-10-27,
billieeilish,2021-10-25,
billieeilish,2021-10-24,+2
billieeilish,2021-10-21,+2
billieeilish,2021-10-17,+1
billieeilish,2021-10-16,+2
billieeilish,2021-10-14,+2
billieeilish,2021-10-11,+1
billieeilish,2021-10-09,+1
billieeilish,2021-10-07,+5
billieeilish,2021-09-30,+3
billieeilish,2021-09-28,+1
billieeilish,2021-09-26,+1
billieeilish,2021-09-25,+1
billieeilish,2021-09-24,+5
billieeilish,2021-09-21,+2
billieeilish,2021-09-20,+1
billieeilish,2021-09-18,+4
billieeilish,2021-09-15,
billieeilish,2021-09-14,+1
billieeilish,2021-09-13,+1
billieeilish,2021-09-12,+2
billieeilish,2021-09-10,
billieeilish,2021-09-09,
billieeilish,2021-09-08,+3
billieeilish,2021-09-07,
billieeilish,2021-09-05,+2
billieeilish,2021-09-04,+3
billieeilish,2021-09-02,+1
billieeilish,2021-09-01,+1
billieeilish,2021-08-31,
billieeilish,2021-08-30,
billieeilish,2021-08-29,
billieeilish,2021-08-27,
billieeilish,2021-08-26,+1
billieeilish,2021-08-25,+2
billieeilish,2021-08-23,
billieeilish,2021-08-22,+3
billieeilish,2021-08-19,+4
billieeilish,2021-08-18,+3
billieeilish,2021-08-17,+1
billieeilish,2021-08-15,
billieeilish,2021-08-14,+1
billieeilish,2021-08-13,+3
billieeilish,2021-08-11,+4
billieeilish,2021-08-10,+4
billieeilish,2021-08-08,+3
billieeilish,2021-08-06,+5
billieeilish,2021-08-05,+13
billieeilish,2021-08-02,+5
billieeilish,2021-08-01,+10
billieeilish,2021-07-31,+14
billieeilish,2021-07-30,
billieeilish,2021-07-24,+2
billieeilish,2021-07-23,+3
billieeilish,2021-07-22,+3
billieeilish,2021-07-20,+1
billieeilish,2021-07-19,+1
billieeilish,2021-07-18,+1
billieeilish,2021-07-17,+3
billieeilish,2021-07-15,+1
billieeilish,2021-07-13,+1
billieeilish,2021-07-12,+8
billieeilish,2021-07-08,+2
billieeilish,2021-07-06,
billieeilish,2021-07-02,+2
billieeilish,2021-07-01,+1
billieeilish,2021-06-30,+3
billieeilish,2021-06-28,
billieeilish,2021-06-26,+2
billieeilish,2021-06-22,
billieeilish,2021-06-21,
billieeilish,2021-06-20,
billieeilish,2021-06-18,+3
billieeilish,2021-06-17,+3
billieeilish,2021-06-16,+1
billieeilish,2021-06-15,
billieeilish,2021-06-14,
billieeilish,2021-06-11,+3
billieeilish,2021-06-10,+2
billieeilish,2021-06-09,+2
billieeilish,2021-06-07,
billieeilish,2021-06-06,+5
billieeilish,2021-06-04,+9
billieeilish,2021-06-03,+3
billieeilish,2021-06-01,
billieeilish,2021-05-31,
billieeilish,2021-05-30,+1
billieeilish,2021-05-29,+5
billieeilish,2021-05-27,+3
billieeilish,2021-05-25,+1
billieeilish,2021-05-24,
billieeilish,2021-05-23,
billieeilish,2021-05-22,+4
billieeilish,2021-05-20,+1
billieeilish,2021-05-19,+1
billieeilish,2021-05-18,+1
billieeilish,2021-05-17,
billieeilish,2021-05-16,
billieeilish,2021-05-15,
billieeilish,2021-05-13,
billieeilish,2021-05-12,+6
billieeilish,2021-05-10,
billieeilish,2021-05-09,+2
billieeilish,2021-05-08,+1
billieeilish,2021-05-06,+5
billieeilish,2021-05-05,+1
billieeilish,2021-05-04,+9
billieeilish,2021-04-30,+5
billieeilish,2021-04-29,+1
billieeilish,2021-04-28,+7
billieeilish,2021-04-27,+3
billieeilish,2021-04-07,+1
billieeilish,2021-03-21,
billieeilish,2021-03-19,
billieeilish,2021-03-17,+2
billieeilish,2021-03-16,+1
billieeilish,2021-03-15,+2
billieeilish,2021-03-14,
billieeilish,2021-03-12,
billieeilish,2021-03-11,+3
billieeilish,2021-03-04,+3
billieeilish,2021-03-02,+6
billieeilish,2021-02-24,+9
billieeilish,2021-02-21,+2
billieeilish,2021-02-17,+3
billieeilish,2021-02-12,
billieeilish,2021-02-10,
billieeilish,2021-02-07,
billieeilish,2021-02-05,+2
billieeilish,2021-02-02,
billieeilish,2021-01-31,+1
billieeilish,2021-01-28,
billieeilish,2021-01-27,+6
billieeilish,2021-01-24,+11
billieeilish,2021-01-16,+1
billieeilish,2021-01-12,+1
billieeilish,2021-01-08,
billieeilish,2021-01-02,
billieeilish,2020-12-31,
billieeilish,2020-12-27,
billieeilish,2020-12-24,+2
billieeilish,2020-12-18,+6
billieeilish,2020-12-12,+4
billieeilish,2020-12-09,+4
billieeilish,2020-12-02,+2
billieeilish,2020-11-30,+1
billieeilish,2020-11-23,+1
billieeilish,2020-11-22,+5
billieeilish,2020-11-19,+16
billieeilish,2020-11-11,+3
billieeilish,2020-11-03,+1
billieeilish,2020-10-29,+1
billieeilish,2020-10-27,+13
billieeilish,2020-10-16,+2
billieeilish,2020-10-14,+12
billieeilish,2020-09-30,+1
billieeilish,2020-09-25,+2
billieeilish,2020-09-13,+8
billieeilish,2020-08-23,+5
billieeilish,2020-08-20,+2
billieeilish,2020-08-17,+17
billieeilish,2020-07-21,+4
billieeilish,2020-07-03,+5
billieeilish,2020-06-16,
billieeilish,2020-06-05,
billieeilish,2020-05-31,
billieeilish,2020-05-28,
billieeilish,2020-05-27,+4
billieeilish,2020-05-21,
billieeilish,2020-05-19,
billieeilish,2020-05-15,
billieeilish,Total Summary,
KylieJenner,2021-11-09,
KylieJenner,2021-11-05,
KylieJenner,2021-11-03,+1
KylieJenner,2021-11-01,
KylieJenner,2021-10-31,-1
KylieJenner,2021-10-28,
KylieJenner,2021-10-27,+1
KylieJenner,2021-10-21,+1
KylieJenner,2021-10-20,
KylieJenner,2021-10-17,
KylieJenner,2021-10-16,+4
KylieJenner,2021-10-13,
KylieJenner,2021-10-09,+9
KylieJenner,2021-10-03,
KylieJenner,2021-10-02,+4
KylieJenner,2021-09-28,+1
KylieJenner,2021-09-27,
KylieJenner,2021-09-25,+6
KylieJenner,2021-09-18,+5
KylieJenner,2021-09-17,
KylieJenner,2021-09-15,
KylieJenner,2021-09-14,
KylieJenner,2021-09-12,
KylieJenner,2021-09-11,+5
KylieJenner,2021-09-09,-1
KylieJenner,2021-09-08,
KylieJenner,2021-09-06,+1
KylieJenner,2021-09-05,
KylieJenner,2021-09-04,+1
KylieJenner,2021-09-01,+5
KylieJenner,2021-08-29,-1
KylieJenner,2021-08-26,+1
KylieJenner,2021-08-24,
KylieJenner,2021-08-23,-2
KylieJenner,2021-08-20,-1
KylieJenner,2021-08-18,+2
KylieJenner,2021-08-17,
KylieJenner,2021-08-15,
KylieJenner,2021-08-14,+3
KylieJenner,2021-08-12,
KylieJenner,2021-08-11,+3
KylieJenner,2021-08-10,+6
KylieJenner,2021-07-31,+3
KylieJenner,2021-07-30,
KylieJenner,2021-07-25,
KylieJenner,2021-07-23,+2
KylieJenner,2021-07-21,+1
KylieJenner,2021-07-19,
KylieJenner,2021-07-18,+3
KylieJenner,2021-07-10,+6
KylieJenner,2021-07-06,
KylieJenner,2021-07-03,+1
KylieJenner,2021-07-02,
KylieJenner,2021-06-30,
KylieJenner,2021-06-28,+1
KylieJenner,2021-06-27,
KylieJenner,2021-06-26,
KylieJenner,2021-06-24,-1
KylieJenner,2021-06-20,
KylieJenner,2021-06-19,
KylieJenner,2021-06-18,+9
KylieJenner,2021-06-17,
KylieJenner,2021-06-14,
KylieJenner,2021-06-13,-2
KylieJenner,2021-06-03,
KylieJenner,2021-06-02,+1
KylieJenner,2021-05-31,-1
KylieJenner,2021-05-29,-2
KylieJenner,2021-05-27,
KylieJenner,2021-05-25,
KylieJenner,2021-05-23,+2
KylieJenner,2021-05-21,+2
KylieJenner,2021-05-19,+2
KylieJenner,2021-05-18,+1
KylieJenner,2021-05-17,
KylieJenner,2021-05-16,+2
KylieJenner,2021-05-15,
KylieJenner,2021-05-13,-1
KylieJenner,2021-05-12,+4
KylieJenner,2021-05-10,
KylieJenner,2021-05-09,
KylieJenner,2021-05-07,
KylieJenner,2021-05-06,
KylieJenner,2021-05-04,
KylieJenner,2021-05-03,
KylieJenner,2021-05-02,+1
KylieJenner,2021-05-01,
KylieJenner,2021-04-30,-1
KylieJenner,2021-04-28,
KylieJenner,2021-04-26,
KylieJenner,2021-04-24,
KylieJenner,2021-04-23,
KylieJenner,2021-04-21,+2
KylieJenner,2021-04-20,-2
KylieJenner,2021-04-18,
KylieJenner,2021-04-17,
KylieJenner,2021-04-15,+1
KylieJenner,2021-04-14,+1
KylieJenner,2021-04-11,
KylieJenner,2021-04-09,+1
KylieJenner,2021-04-07,-14
KylieJenner,2021-03-21,+1
KylieJenner,2021-03-20,
KylieJenner,2021-03-19,
KylieJenner,2021-03-18,+1
KylieJenner,2021-03-16,+2
KylieJenner,2021-03-10,+3
KylieJenner,2021-03-01,+8
KylieJenner,2021-02-21,-1
KylieJenner,2021-02-17,+10
KylieJenner,2021-02-07,+1
KylieJenner,2021-02-04,+1
KylieJenner,2021-02-03,+1
KylieJenner,2021-01-28,+2
KylieJenner,2021-01-24,
KylieJenner,2021-01-23,+4
KylieJenner,2021-01-18,+2
KylieJenner,2021-01-14,+5
KylieJenner,2021-01-02,+4
KylieJenner,2020-12-30,+7
KylieJenner,2020-12-26,+8
KylieJenner,2020-12-20,
KylieJenner,2020-12-16,+6
KylieJenner,2020-12-07,-1
KylieJenner,2020-12-04,+2
KylieJenner,2020-12-01,+5
KylieJenner,2020-11-28,+22
KylieJenner,2020-11-15,+38
KylieJenner,2020-11-08,-1
KylieJenner,2020-11-07,+2
KylieJenner,2020-11-03,
KylieJenner,2020-11-02,+18
KylieJenner,2020-10-22,
KylieJenner,2020-10-18,+1
KylieJenner,2020-10-17,+2
KylieJenner,2020-10-15,+4
KylieJenner,2020-10-12,+52
KylieJenner,2020-10-04,+6
KylieJenner,2020-09-27,
KylieJenner,2020-09-26,+1
KylieJenner,2020-09-23,
KylieJenner,2020-09-22,+3
KylieJenner,2020-09-17,+5
KylieJenner,2020-09-11,+2
KylieJenner,2020-09-10,+3
KylieJenner,2020-09-07,+4
KylieJenner,2020-09-04,
KylieJenner,2020-09-03,+5
KylieJenner,2020-08-26,
KylieJenner,2020-08-25,
KylieJenner,2020-08-22,+1
KylieJenner,2020-08-21,+3
KylieJenner,2020-08-17,+1
KylieJenner,2020-08-16,
KylieJenner,2020-08-14,+6
KylieJenner,2020-08-08,+5
KylieJenner,2020-08-05,+2
KylieJenner,2020-08-02,+5
KylieJenner,2020-07-31,
KylieJenner,2020-07-29,+3
KylieJenner,2020-07-26,+1
KylieJenner,2020-07-17,+1
KylieJenner,2020-07-13,
KylieJenner,2020-07-12,-1
KylieJenner,2020-07-10,+11
KylieJenner,2020-06-27,+1
KylieJenner,2020-06-26,
KylieJenner,2020-06-24,-1
KylieJenner,2020-06-21,+5
KylieJenner,2020-06-17,
KylieJenner,2020-06-07,
KylieJenner,2020-06-06,+1
KylieJenner,2020-06-04,-2
KylieJenner,2020-05-30,+5
KylieJenner,2020-05-29,-2
KylieJenner,2020-05-28,
KylieJenner,2020-05-27,+1
KylieJenner,2020-05-21,-2
KylieJenner,2020-05-19,+5
KylieJenner,2020-05-15,
KylieJenner,2020-05-13,
KylieJenner,2020-05-10,-6236
KylieJenner,2020-05-09,+8
KylieJenner,2020-05-08,+21
KylieJenner,2020-05-07,+11
KylieJenner,2020-05-06,+26
KylieJenner,2020-05-04,+13
KylieJenner,2020-05-03,+14
KylieJenner,2020-05-02,+7
KylieJenner,2020-05-01,+15
KylieJenner,2020-04-30,+13
KylieJenner,2020-04-29,+9
KylieJenner,2020-04-28,+12
KylieJenner,2020-04-27,+6
KylieJenner,2020-04-26,+15
KylieJenner,2020-04-25,+15
KylieJenner,2020-04-24,+11
KylieJenner,2020-04-23,+10
KylieJenner,2020-04-22,+11
KylieJenner,2020-04-21,+14
KylieJenner,2020-04-20,+21
KylieJenner,2020-04-19,+10
KylieJenner,2020-04-18,+11
KylieJenner,2020-04-17,+15
KylieJenner,2020-04-16,+12
KylieJenner,2020-04-15,+10
KylieJenner,2020-04-14,+6
KylieJenner,2020-04-13,+13
KylieJenner,2020-04-11,+14
KylieJenner,2020-04-10,
KylieJenner,Total Summary,
selenagomez,2021-11-15,+1
selenagomez,2021-11-12,+3
selenagomez,2021-11-10,+4
selenagomez,2021-10-30,+1
selenagomez,2021-10-27,+1
selenagomez,2021-10-26,
selenagomez,2021-10-19,+5
selenagomez,2021-10-14,+5
selenagomez,2021-10-08,+8
selenagomez,2021-10-03,+1
selenagomez,2021-09-29,+1
selenagomez,2021-09-26,+2
selenagomez,2021-09-24,
selenagomez,2021-09-22,
selenagomez,2021-09-21,
selenagomez,2021-09-18,
selenagomez,2021-09-16,+4
selenagomez,2021-09-14,
selenagomez,2021-09-13,
selenagomez,2021-09-12,
selenagomez,2021-09-10,+5
selenagomez,2021-09-06,+1
selenagomez,2021-09-04,+13
selenagomez,2021-08-30,+9
selenagomez,2021-08-27,+15
selenagomez,2021-08-24,+5
selenagomez,2021-08-22,
selenagomez,2021-08-20,+4
selenagomez,2021-08-17,
selenagomez,2021-08-15,
selenagomez,2021-08-11,
selenagomez,2021-08-10,
selenagomez,2021-08-09,
selenagomez,2021-08-07,
selenagomez,2021-08-05,+4
selenagomez,2021-07-25,+8
selenagomez,2021-07-18,+1
selenagomez,2021-07-08,+12
selenagomez,2021-06-26,
selenagomez,2021-06-23,+3
selenagomez,2021-06-19,+1
selenagomez,2021-06-17,
selenagomez,2021-06-14,
selenagomez,2021-06-13,
selenagomez,2021-06-11,+8
selenagomez,2021-06-06,
selenagomez,2021-06-05,+5
selenagomez,2021-05-29,
selenagomez,2021-05-27,+1
selenagomez,2021-05-25,+1
selenagomez,2021-05-24,
selenagomez,2021-05-22,
selenagomez,2021-05-21,+5
selenagomez,2021-05-19,+3
selenagomez,2021-05-15,
selenagomez,2021-05-14,
selenagomez,2021-05-13,+1
selenagomez,2021-05-10,
selenagomez,2021-05-09,+4
selenagomez,2021-05-07,+1
selenagomez,2021-05-06,+1
selenagomez,2021-05-04,
selenagomez,2021-05-02,
selenagomez,2021-05-01,+8
selenagomez,2021-04-28,+2
selenagomez,2021-04-26,+14
selenagomez,2021-04-21,
selenagomez,2021-04-20,+3
selenagomez,2021-04-16,+2
selenagomez,2021-04-11,+1
selenagomez,2021-04-06,+8
selenagomez,2021-03-20,
selenagomez,2021-03-18,+7
selenagomez,2021-03-15,+12
selenagomez,2021-03-12,+6
selenagomez,2021-03-10,+10
selenagomez,2021-03-08,+23
selenagomez,2021-02-25,+3
selenagomez,2021-02-24,+1
selenagomez,2021-02-21,+1
selenagomez,2021-02-18,+2
selenagomez,2021-02-12,+5
selenagomez,2021-02-07,+5
selenagomez,2021-02-03,+30
selenagomez,2021-01-28,+6
selenagomez,2021-01-27,+31
selenagomez,2021-01-24,+4
selenagomez,2021-01-22,+38
selenagomez,2021-01-14,+8
selenagomez,2021-01-07,+9
selenagomez,2021-01-02,+1
selenagomez,2020-12-26,
selenagomez,2020-12-25,
selenagomez,2020-12-21,
selenagomez,2020-12-20,+1
selenagomez,2020-12-16,+2
selenagomez,2020-12-09,
selenagomez,2020-12-08,+11
selenagomez,2020-11-30,
selenagomez,2020-11-28,+1
selenagomez,2020-11-27,+7
selenagomez,2020-11-17,+13
selenagomez,2020-11-11,+1
selenagomez,2020-11-08,+7
selenagomez,2020-11-05,+4
selenagomez,2020-11-03,+3
selenagomez,2020-11-01,
selenagomez,2020-10-31,+8
selenagomez,2020-10-29,+1
selenagomez,2020-10-27,+1
selenagomez,2020-10-26,+1
selenagomez,2020-10-24,+1
selenagomez,2020-10-23,
selenagomez,2020-10-22,+3
selenagomez,2020-10-20,
selenagomez,2020-10-19,+1
selenagomez,2020-10-18,
selenagomez,2020-10-16,
selenagomez,2020-10-15,+1
selenagomez,2020-10-13,
selenagomez,2020-10-12,
selenagomez,2020-10-11,+8
selenagomez,2020-10-08,+6
selenagomez,2020-10-06,+1
selenagomez,2020-10-04,+3
selenagomez,2020-10-02,-1
selenagomez,2020-10-01,+1
selenagomez,2020-09-30,+4
selenagomez,2020-09-27,+7
selenagomez,2020-09-22,+5
selenagomez,2020-09-17,+1
selenagomez,2020-09-14,
selenagomez,2020-09-12,+1
selenagomez,2020-09-09,+2
selenagomez,2020-09-07,+5
selenagomez,2020-09-05,+28
selenagomez,2020-08-29,+19
selenagomez,2020-08-27,+5
selenagomez,2020-08-25,+9
selenagomez,2020-08-21,-1
selenagomez,2020-08-19,-2
selenagomez,2020-08-18,+1
selenagomez,2020-08-14,+13
selenagomez,2020-08-10,+4
selenagomez,2020-08-07,+10
selenagomez,2020-08-02,+2
selenagomez,2020-07-31,+1
selenagomez,2020-07-26,
selenagomez,2020-07-25,
selenagomez,2020-07-23,+3
selenagomez,2020-07-18,+3
selenagomez,2020-07-17,+1
selenagomez,2020-07-14,+2
selenagomez,2020-07-12,+12
selenagomez,2020-06-27,+10
selenagomez,2020-06-25,+11
selenagomez,2020-06-17,+5
selenagomez,2020-06-13,+11
selenagomez,2020-06-07,+5
selenagomez,2020-06-05,+2
selenagomez,2020-06-04,
selenagomez,2020-06-02,
selenagomez,2020-05-31,+1
selenagomez,2020-05-28,
selenagomez,2020-05-26,
selenagomez,2020-05-25,
selenagomez,2020-05-23,+1
selenagomez,2020-05-21,+3
selenagomez,2020-05-20,
selenagomez,2020-05-17,
selenagomez,2020-05-16,
selenagomez,2020-05-13,+3
selenagomez,2020-05-10,+4644
selenagomez,2020-05-09,
selenagomez,2020-05-08,
selenagomez,2020-05-07,
selenagomez,2020-05-06,
selenagomez,2020-05-05,
selenagomez,2020-05-04,
selenagomez,2020-05-03,
selenagomez,2020-05-02,
selenagomez,2020-05-01,
selenagomez,2020-04-30,
selenagomez,2020-04-29,
selenagomez,2020-04-28,
selenagomez,2020-04-27,
selenagomez,2020-04-26,
selenagomez,2020-04-25,
selenagomez,2020-04-24,
selenagomez,2020-04-23,
selenagomez,2020-04-21,
selenagomez,2020-04-20,
selenagomez,2020-04-19,
selenagomez,Total Summary,
Harry_Styles,2021-11-06,
Harry_Styles,2021-11-05,+2
Harry_Styles,2021-11-01,
Harry_Styles,2021-10-30,+4
Harry_Styles,2021-10-23,
Harry_Styles,2021-10-20,+1
Harry_Styles,2021-10-17,
Harry_Styles,2021-10-14,+1
Harry_Styles,2021-10-09,
Harry_Styles,2021-10-08,
Harry_Styles,2021-10-02,
Harry_Styles,2021-09-27,+3
Harry_Styles,2021-09-16,+1
Harry_Styles,2021-09-11,+1
Harry_Styles,2021-09-10,+3
Harry_Styles,2021-09-03,
Harry_Styles,2021-09-01,
Harry_Styles,2021-08-06,
Harry_Styles,2021-08-02,
Harry_Styles,2021-07-23,
Harry_Styles,2021-07-18,+3
Harry_Styles,2021-07-13,-3
Harry_Styles,2021-06-05,
Harry_Styles,2021-06-03,
Harry_Styles,2021-05-27,
Harry_Styles,2021-05-25,
Harry_Styles,2021-05-21,
Harry_Styles,2021-05-19,
Harry_Styles,2021-05-15,
Harry_Styles,2021-05-13,
Harry_Styles,2021-05-11,
Harry_Styles,2021-05-09,
Harry_Styles,2021-05-07,
Harry_Styles,2021-05-02,
Harry_Styles,2021-05-01,-24192
Harry_Styles,2021-04-28,+10
Harry_Styles,2021-04-23,
Harry_Styles,2021-04-21,+41
Harry_Styles,2021-04-20,
Harry_Styles,2021-04-15,+56
Harry_Styles,2021-04-14,+177
Harry_Styles,2021-04-11,+150
Harry_Styles,2021-04-06,+50
Harry_Styles,2021-03-19,+15
Harry_Styles,2021-03-16,+22
Harry_Styles,2021-03-10,+118
Harry_Styles,2021-03-06,+225
Harry_Styles,2021-02-21,
Harry_Styles,2021-02-10,+5
Harry_Styles,2021-02-06,
Harry_Styles,2021-02-03,+5
Harry_Styles,2021-01-30,+11
Harry_Styles,2021-01-26,+93
Harry_Styles,2021-01-23,+221
Harry_Styles,2021-01-14,
Harry_Styles,2021-01-02,+33
Harry_Styles,2020-12-20,+72
Harry_Styles,2020-12-16,
Harry_Styles,2020-12-13,+24
Harry_Styles,2020-12-08,
Harry_Styles,2020-11-29,
Harry_Styles,2020-11-28,+6
Harry_Styles,2020-11-27,+7
Harry_Styles,2020-11-22,+235
Harry_Styles,2020-11-19,
Harry_Styles,2020-11-12,+18
Harry_Styles,2020-11-08,+8
Harry_Styles,2020-11-04,
Harry_Styles,2020-11-03,
Harry_Styles,2020-11-02,
Harry_Styles,2020-10-31,+3
Harry_Styles,2020-10-30,+13
Harry_Styles,2020-10-25,
Harry_Styles,2020-10-24,+2
Harry_Styles,2020-10-23,+24
Harry_Styles,2020-10-21,
Harry_Styles,2020-10-18,
Harry_Styles,2020-10-17,+14
Harry_Styles,2020-10-15,+14
Harry_Styles,2020-10-11,+6
Harry_Styles,2020-10-08,+7
Harry_Styles,2020-10-07,
Harry_Styles,2020-10-04,+24
Harry_Styles,2020-10-02,
Harry_Styles,2020-09-29,
Harry_Styles,2020-09-27,+83
Harry_Styles,2020-09-21,
Harry_Styles,2020-09-17,
Harry_Styles,2020-09-12,
Harry_Styles,2020-09-10,+203
Harry_Styles,2020-09-07,
Harry_Styles,2020-09-04,
Harry_Styles,2020-09-01,
Harry_Styles,2020-08-28,
Harry_Styles,2020-08-25,+41
Harry_Styles,2020-08-23,
Harry_Styles,2020-08-21,
Harry_Styles,2020-08-20,
Harry_Styles,2020-08-14,+28
Harry_Styles,2020-08-11,+36
Harry_Styles,2020-08-09,+70
Harry_Styles,2020-08-02,
Harry_Styles,2020-07-30,
Harry_Styles,2020-07-26,
Harry_Styles,2020-07-24,
Harry_Styles,2020-07-19,+84
Harry_Styles,2020-07-13,
Harry_Styles,2020-07-07,
Harry_Styles,2020-06-30,+63
Harry_Styles,2020-06-28,
Harry_Styles,2020-06-26,
Harry_Styles,2020-06-19,
Harry_Styles,2020-06-18,+31
Harry_Styles,2020-06-17,
Harry_Styles,2020-06-12,
Harry_Styles,2020-06-07,+5
Harry_Styles,2020-06-06,
Harry_Styles,2020-06-04,+1
Harry_Styles,2020-06-02,+27
Harry_Styles,2020-05-30,
Harry_Styles,2020-05-29,
Harry_Styles,2020-05-26,+41
Harry_Styles,2020-05-24,
Harry_Styles,2020-05-21,
Harry_Styles,2020-05-20,+15
Harry_Styles,2020-05-15,+9
Harry_Styles,2020-05-12,
Harry_Styles,2020-05-10,+3
Harry_Styles,2020-05-09,+2
Harry_Styles,2020-05-08,+11
Harry_Styles,2020-05-07,+5
Harry_Styles,2020-05-06,+3
Harry_Styles,2020-05-04,+1
Harry_Styles,2020-05-03,+1
Harry_Styles,2020-05-02,
Harry_Styles,2020-05-01,+2
Harry_Styles,2020-04-30,+4
Harry_Styles,2020-04-29,+2
Harry_Styles,2020-04-28,+3
Harry_Styles,2020-04-27,-1
Harry_Styles,2020-04-26,+2
Harry_Styles,2020-04-25,+2
Harry_Styles,2020-04-24,+5
Harry_Styles,2020-04-23,+2
Harry_Styles,2020-04-22,+3
Harry_Styles,2020-04-21,+3
Harry_Styles,2020-04-20,+3
Harry_Styles,2020-04-19,-3
Harry_Styles,2020-04-18,-3
Harry_Styles,2020-04-17,+4
Harry_Styles,2020-04-16,+1
Harry_Styles,2020-04-15,+4
Harry_Styles,2020-04-14,+3
Harry_Styles,2020-04-13,-1
Harry_Styles,2020-04-11,+9
Harry_Styles,2020-04-10,+27247
Harry_Styles,2020-04-09,
Harry_Styles,Total Summary,
taylorswift13,2021-11-16,+3
taylorswift13,2021-11-14,+3
taylorswift13,2021-11-13,+7
taylorswift13,2021-11-11,
taylorswift13,2021-11-08,
taylorswift13,2021-11-07,+1
taylorswift13,2021-11-04,
taylorswift13,2021-11-02,+1
taylorswift13,2021-10-31,
taylorswift13,2021-10-29,
taylorswift13,2021-10-28,
taylorswift13,2021-10-27,
taylorswift13,2021-10-26,
taylorswift13,2021-10-23,
taylorswift13,2021-10-21,
taylorswift13,2021-10-20,
taylorswift13,2021-10-16,+1
taylorswift13,2021-10-13,
taylorswift13,2021-10-12,
taylorswift13,2021-10-10,
taylorswift13,2021-10-08,
taylorswift13,2021-10-07,
taylorswift13,2021-10-05,
taylorswift13,2021-10-04,
taylorswift13,2021-10-03,
taylorswift13,2021-10-01,
taylorswift13,2021-09-30,
taylorswift13,2021-09-29,
taylorswift13,2021-09-27,
taylorswift13,2021-09-26,
taylorswift13,2021-09-25,
taylorswift13,2021-09-24,
taylorswift13,2021-09-22,
taylorswift13,2021-09-21,+1
taylorswift13,2021-09-20,
taylorswift13,2021-09-19,+1
taylorswift13,2021-09-17,
taylorswift13,2021-09-16,
taylorswift13,2021-09-15,
taylorswift13,2021-09-14,
taylorswift13,2021-09-13,+1
taylorswift13,2021-09-09,
taylorswift13,2021-09-08,
taylorswift13,2021-09-06,+1
taylorswift13,2021-09-05,
taylorswift13,2021-09-04,
taylorswift13,2021-09-03,
taylorswift13,2021-09-01,
taylorswift13,2021-08-30,+1
taylorswift13,2021-08-28,+1
taylorswift13,2021-08-27,
taylorswift13,2021-08-25,+1
taylorswift13,2021-08-23,
taylorswift13,2021-08-22,
taylorswift13,2021-08-21,-1
taylorswift13,2021-08-20,
taylorswift13,2021-08-17,
taylorswift13,2021-08-15,
taylorswift13,2021-08-14,
taylorswift13,2021-08-13,
taylorswift13,2021-08-10,
taylorswift13,2021-08-08,+2
taylorswift13,2021-08-06,+4
taylorswift13,2021-08-03,+1
taylorswift13,2021-08-01,
taylorswift13,2021-07-30,+3
taylorswift13,2021-07-28,
taylorswift13,2021-07-27,
taylorswift13,2021-07-24,
taylorswift13,2021-07-22,
taylorswift13,2021-07-20,
taylorswift13,2021-07-18,
taylorswift13,2021-07-17,
taylorswift13,2021-07-15,
taylorswift13,2021-07-14,
taylorswift13,2021-07-13,
taylorswift13,2021-07-10,
taylorswift13,2021-07-08,
taylorswift13,2021-07-07,
taylorswift13,2021-07-05,
taylorswift13,2021-07-03,+2
taylorswift13,2021-07-01,
taylorswift13,2021-06-30,
taylorswift13,2021-06-29,
taylorswift13,2021-06-28,
taylorswift13,2021-06-27,+1
taylorswift13,2021-06-25,
taylorswift13,2021-06-23,
taylorswift13,2021-06-22,+2
taylorswift13,2021-06-21,
taylorswift13,2021-06-20,
taylorswift13,2021-06-18,
taylorswift13,2021-06-17,
taylorswift13,2021-06-15,
taylorswift13,2021-06-14,
taylorswift13,2021-06-13,
taylorswift13,2021-06-11,
taylorswift13,2021-06-10,+1
taylorswift13,2021-06-08,+1
taylorswift13,2021-06-06,
taylorswift13,2021-06-04,+10
taylorswift13,2021-06-03,+13
taylorswift13,2021-06-01,+1
taylorswift13,2021-05-30,+1
taylorswift13,2021-05-27,
taylorswift13,2021-05-25,
taylorswift13,2021-05-23,
taylorswift13,2021-05-21,
taylorswift13,2021-05-20,
taylorswift13,2021-05-18,
taylorswift13,2021-05-17,
taylorswift13,2021-05-16,
taylorswift13,2021-05-15,
taylorswift13,2021-05-13,+3
taylorswift13,2021-05-11,
taylorswift13,2021-05-09,
taylorswift13,2021-05-07,
taylorswift13,2021-05-06,
taylorswift13,2021-05-05,
taylorswift13,2021-05-04,
taylorswift13,2021-05-03,
taylorswift13,2021-05-01,
taylorswift13,2021-04-28,
taylorswift13,2021-04-26,
taylorswift13,2021-04-25,
taylorswift13,2021-04-24,
taylorswift13,2021-04-23,
taylorswift13,2021-04-22,
taylorswift13,2021-04-21,+1
taylorswift13,2021-04-19,+1
taylorswift13,2021-04-18,+3
taylorswift13,2021-04-16,+5
taylorswift13,2021-04-12,+2
taylorswift13,2021-04-08,+1
taylorswift13,2021-04-06,+9
taylorswift13,2021-03-21,
taylorswift13,2021-03-19,+1
taylorswift13,2021-03-16,+1
taylorswift13,2021-03-10,
taylorswift13,2021-03-08,+1
taylorswift13,2021-03-04,
taylorswift13,2021-03-02,+1
taylorswift13,2021-03-01,
taylorswift13,2021-02-28,+1
taylorswift13,2021-02-27,+1
taylorswift13,2021-02-21,+3
taylorswift13,2021-02-17,+1
taylorswift13,2021-02-14,+4
taylorswift13,2021-02-11,
taylorswift13,2021-02-07,+1
taylorswift13,2021-02-04,
taylorswift13,2021-02-03,
taylorswift13,2021-02-01,
taylorswift13,2021-01-31,
taylorswift13,2021-01-29,+1
taylorswift13,2021-01-28,
taylorswift13,2021-01-23,+1
taylorswift13,2021-01-19,
taylorswift13,2021-01-18,
taylorswift13,2021-01-16,
taylorswift13,2021-01-14,+2
taylorswift13,2021-01-07,+1
taylorswift13,2021-01-03,+1
taylorswift13,2020-12-29,+1
taylorswift13,2020-12-26,
taylorswift13,2020-12-23,
taylorswift13,2020-12-22,+2
taylorswift13,2020-12-21,
taylorswift13,2020-12-20,+2
taylorswift13,2020-12-18,+2
taylorswift13,2020-12-16,+4
taylorswift13,2020-12-15,+7
taylorswift13,2020-12-12,+22
taylorswift13,2020-12-09,+1
taylorswift13,2020-12-08,
taylorswift13,2020-12-06,+2
taylorswift13,2020-12-04,+2
taylorswift13,2020-12-01,+1
taylorswift13,2020-11-27,+16
taylorswift13,2020-11-23,+1
taylorswift13,2020-11-22,
taylorswift13,2020-11-19,+1
taylorswift13,2020-11-14,+1
taylorswift13,2020-11-12,
taylorswift13,2020-11-06,
taylorswift13,2020-11-04,
taylorswift13,2020-11-03,+1
taylorswift13,2020-11-02,+1
taylorswift13,2020-10-30,
taylorswift13,2020-10-24,
taylorswift13,2020-10-21,+1
taylorswift13,2020-10-19,
taylorswift13,2020-10-18,+1
taylorswift13,2020-10-17,+1
taylorswift13,2020-10-15,
taylorswift13,2020-10-14,
taylorswift13,2020-10-12,+1
taylorswift13,2020-10-04,
taylorswift13,2020-10-02,
taylorswift13,2020-09-30,+1
taylorswift13,2020-09-29,
taylorswift13,2020-09-26,
taylorswift13,2020-09-25,
taylorswift13,2020-09-22,+1
taylorswift13,2020-09-20,
taylorswift13,2020-09-19,+1
taylorswift13,2020-09-17,
taylorswift13,2020-09-16,+1
taylorswift13,2020-09-14,+2
taylorswift13,2020-09-12,
taylorswift13,2020-09-10,
taylorswift13,2020-09-08,
taylorswift13,2020-09-07,
taylorswift13,2020-09-02,
taylorswift13,2020-08-31,+2
taylorswift13,2020-08-25,+1
taylorswift13,2020-08-22,
taylorswift13,2020-08-21,+1
taylorswift13,2020-08-20,+2
taylorswift13,2020-08-17,+2
taylorswift13,2020-08-14,
taylorswift13,2020-08-12,+1
taylorswift13,2020-08-11,
taylorswift13,2020-08-10,
taylorswift13,2020-08-05,
taylorswift13,Total Summary,
ShawnMendes,2021-10-26,+12
ShawnMendes,2021-10-19,+1
ShawnMendes,2021-10-17,
ShawnMendes,2021-10-14,+2
ShawnMendes,2021-10-11,
ShawnMendes,2021-10-10,+8
ShawnMendes,2021-10-06,+6
ShawnMendes,2021-10-02,+4
ShawnMendes,2021-09-29,+5
ShawnMendes,2021-09-26,+3
ShawnMendes,2021-09-23,+6
ShawnMendes,2021-09-21,+12
ShawnMendes,2021-09-13,
ShawnMendes,2021-09-11,-1
ShawnMendes,2021-09-10,
ShawnMendes,2021-09-08,+1
ShawnMendes,2021-09-06,+1
ShawnMendes,2021-09-04,+10
ShawnMendes,2021-08-28,+2
ShawnMendes,2021-08-27,+3
ShawnMendes,2021-08-26,+2
ShawnMendes,2021-08-25,+1
ShawnMendes,2021-08-23,+6
ShawnMendes,2021-08-21,+13
ShawnMendes,2021-08-20,+10
ShawnMendes,2021-08-17,+9
ShawnMendes,2021-08-14,+1
ShawnMendes,2021-08-13,+2
ShawnMendes,2021-08-11,+5
ShawnMendes,2021-08-10,+9
ShawnMendes,2021-08-04,+7
ShawnMendes,2021-07-29,
ShawnMendes,2021-07-21,+2
ShawnMendes,2021-07-19,
ShawnMendes,2021-07-17,+12
ShawnMendes,2021-07-14,+3
ShawnMendes,2021-07-10,+1
ShawnMendes,2021-07-06,+2
ShawnMendes,2021-06-30,+1
ShawnMendes,2021-06-27,
ShawnMendes,2021-06-26,+14976
ShawnMendes,2021-06-20,
ShawnMendes,2021-06-18,
ShawnMendes,2021-06-16,
ShawnMendes,2021-06-14,
ShawnMendes,2021-06-13,
ShawnMendes,2021-06-07,
ShawnMendes,2021-06-05,
ShawnMendes,2021-06-03,
ShawnMendes,2021-05-31,
ShawnMendes,2021-05-30,
ShawnMendes,2021-05-26,
ShawnMendes,2021-05-25,
ShawnMendes,2021-05-23,
ShawnMendes,2021-05-21,
ShawnMendes,2021-05-19,
ShawnMendes,2021-05-17,
ShawnMendes,2021-05-16,
ShawnMendes,2021-05-14,
ShawnMendes,2021-05-11,
ShawnMendes,2021-05-10,
ShawnMendes,2021-05-08,
ShawnMendes,2021-05-07,
ShawnMendes,2021-05-06,
ShawnMendes,2021-05-04,
ShawnMendes,2021-05-02,
ShawnMendes,2021-04-30,
ShawnMendes,2021-04-29,
ShawnMendes,2021-04-26,
ShawnMendes,2021-04-25,-3
ShawnMendes,2021-04-23,
ShawnMendes,2021-04-22,
ShawnMendes,2021-04-21,
ShawnMendes,2021-04-18,
ShawnMendes,2021-04-16,
ShawnMendes,2021-04-15,
ShawnMendes,2021-04-14,
ShawnMendes,2021-04-11,
ShawnMendes,2021-04-10,
ShawnMendes,2021-03-22,
ShawnMendes,2021-03-21,
ShawnMendes,2021-03-20,
ShawnMendes,2021-03-19,-2
ShawnMendes,2021-03-18,
ShawnMendes,2021-03-16,
ShawnMendes,2021-03-14,
ShawnMendes,2021-03-13,
ShawnMendes,2021-03-11,
ShawnMendes,2021-03-08,
ShawnMendes,2021-03-07,
ShawnMendes,2021-03-05,
ShawnMendes,2021-03-03,
ShawnMendes,2021-03-01,
ShawnMendes,2021-02-28,
ShawnMendes,2021-02-26,
ShawnMendes,2021-02-25,
ShawnMendes,2021-02-23,
ShawnMendes,2021-02-21,
ShawnMendes,2021-02-19,
ShawnMendes,2021-02-16,
ShawnMendes,2021-02-15,
ShawnMendes,2021-02-13,
ShawnMendes,2021-02-08,
ShawnMendes,2021-02-07,
ShawnMendes,2021-02-06,
ShawnMendes,2021-02-02,
ShawnMendes,2021-01-30,
ShawnMendes,2021-01-29,
ShawnMendes,2021-01-27,
ShawnMendes,2021-01-25,
ShawnMendes,2021-01-24,
ShawnMendes,2021-01-22,
ShawnMendes,2021-01-20,
ShawnMendes,2021-01-17,
ShawnMendes,2021-01-15,
ShawnMendes,2021-01-13,
ShawnMendes,2021-01-10,
ShawnMendes,2021-01-09,
ShawnMendes,2021-01-07,
ShawnMendes,2021-01-05,
ShawnMendes,2021-01-04,
ShawnMendes,2021-01-02,
ShawnMendes,2021-01-01,
ShawnMendes,2020-12-30,
ShawnMendes,2020-12-29,
ShawnMendes,2020-12-26,
ShawnMendes,2020-12-21,
ShawnMendes,2020-12-10,
ShawnMendes,2020-12-03,
ShawnMendes,2020-12-02,
ShawnMendes,2020-11-30,
ShawnMendes,2020-11-25,
ShawnMendes,2020-11-24,
ShawnMendes,2020-11-23,+2
ShawnMendes,2020-11-18,
ShawnMendes,2020-11-15,
ShawnMendes,2020-11-13,
ShawnMendes,2020-11-11,
ShawnMendes,2020-11-10,
ShawnMendes,2020-11-09,
ShawnMendes,2020-11-06,
ShawnMendes,2020-11-04,
ShawnMendes,2020-11-02,
ShawnMendes,2020-10-29,
ShawnMendes,2020-10-26,
ShawnMendes,2020-10-23,
ShawnMendes,2020-10-21,
ShawnMendes,2020-10-19,
ShawnMendes,2020-10-17,
ShawnMendes,2020-10-16,
ShawnMendes,2020-10-13,
ShawnMendes,2020-10-09,
ShawnMendes,2020-10-05,
ShawnMendes,2020-10-03,
ShawnMendes,2020-10-02,
ShawnMendes,2020-09-29,
ShawnMendes,2020-09-21,
ShawnMendes,2020-09-14,
ShawnMendes,2020-09-11,
ShawnMendes,2020-09-08,
ShawnMendes,2020-09-05,
ShawnMendes,2020-08-30,
ShawnMendes,2020-08-25,
ShawnMendes,2020-08-23,
ShawnMendes,2020-08-20,
ShawnMendes,2020-08-15,
ShawnMendes,2020-08-10,+2
ShawnMendes,2020-08-06,
ShawnMendes,2020-08-04,
ShawnMendes,2020-07-17,
ShawnMendes,2020-07-16,+2
ShawnMendes,2020-07-06,
ShawnMendes,2020-06-27,
ShawnMendes,2020-06-26,
ShawnMendes,2020-06-18,
ShawnMendes,2020-06-13,
ShawnMendes,2020-06-10,
ShawnMendes,2020-06-08,
ShawnMendes,2020-06-07,
ShawnMendes,2020-06-05,
ShawnMendes,2020-06-04,
ShawnMendes,2020-06-03,
ShawnMendes,2020-05-30,
ShawnMendes,2020-05-28,+1
ShawnMendes,2020-05-25,
ShawnMendes,2020-05-24,
ShawnMendes,2020-05-22,
ShawnMendes,2020-05-20,
ShawnMendes,2020-05-17,
ShawnMendes,2020-05-16,
ShawnMendes,2020-05-14,
ShawnMendes,2020-05-13,
ShawnMendes,2020-05-10,
ShawnMendes,2020-05-09,
ShawnMendes,2020-05-08,
ShawnMendes,2020-05-07,
ShawnMendes,2020-05-06,
ShawnMendes,2020-05-05,
ShawnMendes,2020-05-04,
ShawnMendes,2020-05-03,
ShawnMendes,2020-05-02,
ShawnMendes,2020-05-01,
ShawnMendes,2020-04-30,
ShawnMendes,2020-04-29,
ShawnMendes,2020-04-28,
ShawnMendes,2020-04-27,
ShawnMendes,2020-04-26,
ShawnMendes,2020-04-25,+3
ShawnMendes,2020-04-24,
ShawnMendes,2020-04-23,
ShawnMendes,2020-04-22,
ShawnMendes,2020-04-20,
ShawnMendes,2020-04-19,+221
ShawnMendes,2020-03-30,
ShawnMendes,Total Summary,
BryceHall,2021-10-14,+7
BryceHall,2021-10-11,+102
BryceHall,2021-09-14,+5
BryceHall,2021-09-13,+6
BryceHall,2021-09-10,+18
BryceHall,2021-09-05,+4
BryceHall,2021-09-03,+17
BryceHall,2021-08-31,+10
BryceHall,2021-08-28,+5
BryceHall,2021-08-27,+9
BryceHall,2021-08-23,
BryceHall,2021-08-22,+5
BryceHall,2021-08-21,+3
BryceHall,2021-08-20,+4
BryceHall,2021-08-18,+4
BryceHall,2021-08-17,+33
BryceHall,2021-08-07,+4
BryceHall,2021-08-05,+35
BryceHall,2021-07-24,+22
BryceHall,2021-07-16,+8
BryceHall,2021-07-15,+4
BryceHall,2021-07-12,+3
BryceHall,2021-07-11,+17
BryceHall,2021-07-03,+4
BryceHall,2021-07-02,+32
BryceHall,2021-06-18,+5
BryceHall,2021-06-16,+20
BryceHall,2021-06-08,+2
BryceHall,2021-06-07,+4
BryceHall,2021-06-05,+15
BryceHall,2021-06-01,+3
BryceHall,2021-05-31,+11
BryceHall,2021-05-26,+11
BryceHall,2021-05-23,+13
BryceHall,2021-05-21,+31
BryceHall,2021-05-17,+33
BryceHall,2021-05-12,+36
BryceHall,2021-05-07,+12
BryceHall,2021-05-05,+22
BryceHall,2021-04-29,+5
BryceHall,2021-04-28,+6
BryceHall,2021-04-27,+3
BryceHall,2021-04-25,+2
BryceHall,2021-04-24,+6
BryceHall,2021-04-23,+4
BryceHall,2021-04-20,+4
BryceHall,2021-04-19,+4
BryceHall,2021-04-17,+3
BryceHall,2021-04-16,+9
BryceHall,2021-04-11,+18
BryceHall,2021-04-07,+106
BryceHall,2021-03-13,+11
BryceHall,2021-03-10,+19
BryceHall,2021-03-02,+5
BryceHall,2021-02-27,+24
BryceHall,2021-02-20,+14
BryceHall,2021-02-12,+7
BryceHall,2021-02-10,+11
BryceHall,2021-02-07,+8
BryceHall,2021-02-06,+6
BryceHall,2021-02-03,+5
BryceHall,2021-02-01,+11
BryceHall,2021-01-29,+6
BryceHall,2021-01-28,+9
BryceHall,2021-01-25,+33
BryceHall,2021-01-17,+51
BryceHall,2021-01-09,+30
BryceHall,2020-12-30,+18
BryceHall,2020-12-27,+128
BryceHall,2020-11-29,+45
BryceHall,2020-11-19,+5
BryceHall,2020-11-18,+9
BryceHall,2020-11-15,+39
BryceHall,2020-11-06,+92
BryceHall,2020-10-20,+79
BryceHall,2020-10-06,+147
BryceHall,2020-09-12,+8
BryceHall,2020-09-10,+39
BryceHall,2020-09-02,+171
BryceHall,2020-07-28,+143
BryceHall,2020-07-06,+37
BryceHall,2020-06-25,+51
BryceHall,2020-06-16,+64
BryceHall,2020-06-05,+20
BryceHall,2020-05-31,+26
BryceHall,2020-05-24,+34
BryceHall,2020-05-19,
BryceHall,Total Summary,
lilpapivoni,2021-10-31,+34
lilpapivoni,2021-10-18,+304
lilpapivoni,2021-09-24,+72
lilpapivoni,2021-09-13,-4
lilpapivoni,2021-08-09,+5
lilpapivoni,2021-08-05,+15
lilpapivoni,2021-06-29,+2
lilpapivoni,2021-06-25,+8
lilpapivoni,2021-06-20,
lilpapivoni,2021-06-15,
lilpapivoni,2021-06-14,+26
lilpapivoni,2021-06-04,+5
lilpapivoni,2021-06-02,-1
lilpapivoni,2021-06-01,+2
lilpapivoni,2021-05-31,
lilpapivoni,2021-05-30,+3
lilpapivoni,2021-05-28,+3
lilpapivoni,2021-05-27,+3
lilpapivoni,2021-05-26,
lilpapivoni,2021-05-25,-3
lilpapivoni,2021-05-24,-1
lilpapivoni,2021-05-23,
lilpapivoni,2021-05-22,+1
lilpapivoni,2021-05-20,
lilpapivoni,2021-05-19,
lilpapivoni,2021-05-18,
lilpapivoni,2021-05-17,
lilpapivoni,2021-05-15,
lilpapivoni,2021-05-14,
lilpapivoni,2021-05-13,
lilpapivoni,2021-05-11,+2
lilpapivoni,2021-05-09,
lilpapivoni,2021-05-08,+6
lilpapivoni,2021-05-07,-71
lilpapivoni,2021-05-04,+6
lilpapivoni,2021-05-02,+9
lilpapivoni,2021-04-29,+3
lilpapivoni,2021-04-27,-2
lilpapivoni,2021-04-26,+1
lilpapivoni,2021-04-25,+2
lilpapivoni,2021-04-24,
lilpapivoni,2021-04-23,+7
lilpapivoni,2021-04-20,+1
lilpapivoni,2021-04-19,-3
lilpapivoni,2021-04-18,+13
lilpapivoni,2021-04-16,-67
lilpapivoni,2021-04-15,+29
lilpapivoni,2021-04-13,+22
lilpapivoni,2021-04-09,+3
lilpapivoni,2021-04-08,+132
lilpapivoni,2021-03-21,
lilpapivoni,2021-03-20,+15
lilpapivoni,2021-03-18,+11
lilpapivoni,2021-03-17,+4
lilpapivoni,2021-03-15,+90
lilpapivoni,2021-03-09,+5
lilpapivoni,2021-03-06,+26
lilpapivoni,2021-03-04,+21
lilpapivoni,2021-03-01,+6
lilpapivoni,2021-02-25,+51
lilpapivoni,2021-02-19,+3
lilpapivoni,2021-02-18,+6
lilpapivoni,2021-02-17,+27
lilpapivoni,2021-02-15,+5
lilpapivoni,2021-02-14,+12
lilpapivoni,2021-02-11,
lilpapivoni,2021-02-10,
lilpapivoni,2021-02-09,
lilpapivoni,2021-02-08,+7
lilpapivoni,2021-02-06,+6
lilpapivoni,2021-02-05,+10
lilpapivoni,2021-02-04,+4
lilpapivoni,2021-01-31,+13
lilpapivoni,2021-01-26,+1
lilpapivoni,2021-01-24,
lilpapivoni,2021-01-23,-1
lilpapivoni,2021-01-21,+4
lilpapivoni,2021-01-20,+18
lilpapivoni,2021-01-19,+47
lilpapivoni,2021-01-18,
lilpapivoni,2021-01-16,+11
lilpapivoni,2021-01-14,
lilpapivoni,2021-01-13,+42
lilpapivoni,2021-01-12,+24
lilpapivoni,2021-01-10,+5
lilpapivoni,2021-01-06,
lilpapivoni,2021-01-01,+15
lilpapivoni,2020-12-29,+13
lilpapivoni,2020-12-24,+34
lilpapivoni,2020-12-21,+7
lilpapivoni,2020-12-19,+76
lilpapivoni,2020-12-17,+19
lilpapivoni,2020-12-16,+70
lilpapivoni,2020-12-11,+99
lilpapivoni,2020-12-02,+34
lilpapivoni,2020-12-01,+86
lilpapivoni,2020-11-29,+71
lilpapivoni,2020-11-27,+26
lilpapivoni,2020-11-24,+14
lilpapivoni,2020-11-21,+5
lilpapivoni,2020-11-17,+49
lilpapivoni,2020-11-14,+33
lilpapivoni,2020-11-13,+34
lilpapivoni,2020-11-11,+41
lilpapivoni,2020-11-09,-1
lilpapivoni,2020-11-06,+4
lilpapivoni,2020-11-05,+3
lilpapivoni,2020-11-02,+3
lilpapivoni,2020-11-01,+23
lilpapivoni,2020-10-30,-1
lilpapivoni,2020-10-28,+4
lilpapivoni,2020-10-27,
lilpapivoni,2020-10-26,+5
lilpapivoni,2020-10-23,+6
lilpapivoni,2020-10-22,+2
lilpapivoni,2020-10-21,+5
lilpapivoni,2020-10-18,+14
lilpapivoni,2020-10-17,+4
lilpapivoni,2020-10-16,+14
lilpapivoni,2020-10-15,+27
lilpapivoni,2020-10-13,+3
lilpapivoni,2020-10-12,+39
lilpapivoni,2020-10-07,+5
lilpapivoni,2020-10-06,
lilpapivoni,2020-10-05,+10
lilpapivoni,2020-10-02,+18
lilpapivoni,2020-10-01,+22
lilpapivoni,2020-09-22,+11
lilpapivoni,2020-09-19,+31
lilpapivoni,2020-09-18,+58
lilpapivoni,2020-09-15,+137
lilpapivoni,2020-09-06,+80
lilpapivoni,2020-09-02,+5
lilpapivoni,2020-08-30,+12
lilpapivoni,2020-08-29,+5
lilpapivoni,2020-08-28,+13
lilpapivoni,2020-08-26,+50
lilpapivoni,2020-08-25,+105
lilpapivoni,2020-08-18,+20
lilpapivoni,2020-08-15,+40
lilpapivoni,2020-08-11,+38
lilpapivoni,2020-08-08,+18
lilpapivoni,2020-08-06,+20
lilpapivoni,2020-08-05,+70
lilpapivoni,2020-08-04,+74
lilpapivoni,2020-07-28,+2
lilpapivoni,2020-07-27,-1
lilpapivoni,2020-07-25,+13
lilpapivoni,2020-07-22,+17
lilpapivoni,2020-07-18,+141
lilpapivoni,2020-07-14,+182
lilpapivoni,2020-07-10,+148
lilpapivoni,2020-07-07,+124
lilpapivoni,2020-07-03,+117
lilpapivoni,2020-06-28,+9
lilpapivoni,2020-06-25,
lilpapivoni,Total Summary,
oliviarodrigo,2021-10-23,
oliviarodrigo,2021-10-19,+1
oliviarodrigo,2021-10-12,
oliviarodrigo,2021-10-06,
oliviarodrigo,2021-10-04,
oliviarodrigo,2021-10-01,
oliviarodrigo,2021-09-29,
oliviarodrigo,2021-09-25,
oliviarodrigo,2021-09-22,+1
oliviarodrigo,2021-09-19,+1
oliviarodrigo,2021-09-17,+1
oliviarodrigo,2021-09-15,
oliviarodrigo,2021-09-14,
oliviarodrigo,2021-09-13,
oliviarodrigo,2021-09-11,+1
oliviarodrigo,2021-09-10,
oliviarodrigo,2021-09-07,
oliviarodrigo,2021-09-06,
oliviarodrigo,2021-09-04,
oliviarodrigo,2021-09-02,
oliviarodrigo,2021-09-01,
oliviarodrigo,2021-08-30,
oliviarodrigo,2021-08-28,
oliviarodrigo,2021-08-26,
oliviarodrigo,2021-08-25,+3
oliviarodrigo,2021-08-23,
oliviarodrigo,2021-08-21,+1
oliviarodrigo,2021-08-19,
oliviarodrigo,2021-08-16,
oliviarodrigo,2021-08-15,+1
oliviarodrigo,2021-08-13,
oliviarodrigo,2021-08-11,
oliviarodrigo,2021-08-10,
oliviarodrigo,2021-08-07,
oliviarodrigo,2021-08-06,
oliviarodrigo,2021-08-04,
oliviarodrigo,2021-08-01,
oliviarodrigo,2021-07-31,
oliviarodrigo,2021-07-30,
oliviarodrigo,2021-07-22,
oliviarodrigo,2021-07-20,
oliviarodrigo,2021-07-18,
oliviarodrigo,2021-07-17,+1
oliviarodrigo,2021-07-14,
oliviarodrigo,2021-07-12,-1
oliviarodrigo,2021-07-05,
oliviarodrigo,2021-07-02,+4
oliviarodrigo,2021-06-29,+3
oliviarodrigo,2021-06-23,
oliviarodrigo,2021-06-21,
oliviarodrigo,2021-06-20,
oliviarodrigo,2021-06-18,
oliviarodrigo,2021-06-16,
oliviarodrigo,2021-06-14,
oliviarodrigo,2021-06-12,-1
oliviarodrigo,2021-06-10,+1
oliviarodrigo,2021-06-09,+1
oliviarodrigo,2021-06-07,
oliviarodrigo,2021-06-06,
oliviarodrigo,2021-06-04,+1
oliviarodrigo,2021-06-02,
oliviarodrigo,2021-06-01,
oliviarodrigo,2021-05-29,+2
oliviarodrigo,2021-05-28,+19
oliviarodrigo,2021-05-25,+1
oliviarodrigo,2021-05-24,
oliviarodrigo,2021-05-23,
oliviarodrigo,2021-05-21,+1
oliviarodrigo,2021-05-20,+1
oliviarodrigo,2021-05-19,+1
oliviarodrigo,2021-05-18,+3
oliviarodrigo,2021-05-16,
oliviarodrigo,2021-05-15,+3
oliviarodrigo,2021-05-12,+1
oliviarodrigo,2021-05-10,
oliviarodrigo,2021-05-08,+1
oliviarodrigo,2021-05-06,+1
oliviarodrigo,2021-05-03,+1
oliviarodrigo,2021-04-27,
oliviarodrigo,2021-04-25,+2
oliviarodrigo,2021-04-19,
oliviarodrigo,2021-04-17,
oliviarodrigo,2021-04-15,+1
oliviarodrigo,2021-04-13,+2
oliviarodrigo,2021-04-11,+1
oliviarodrigo,2021-04-06,+9
oliviarodrigo,2021-03-22,-1
oliviarodrigo,2021-03-20,
oliviarodrigo,2021-03-19,
oliviarodrigo,2021-03-15,
oliviarodrigo,2021-03-14,+1
oliviarodrigo,2021-03-11,
oliviarodrigo,2021-03-06,-1
oliviarodrigo,2021-03-04,
oliviarodrigo,2021-03-01,+3
oliviarodrigo,2021-02-21,+2
oliviarodrigo,2021-02-18,+2
oliviarodrigo,2021-02-13,+2
oliviarodrigo,2021-02-10,
oliviarodrigo,2021-02-07,
oliviarodrigo,2021-02-06,+3
oliviarodrigo,2021-02-04,+2
oliviarodrigo,2021-02-02,+4
oliviarodrigo,2021-01-26,+4
oliviarodrigo,2021-01-24,+5
oliviarodrigo,2021-01-20,+9
oliviarodrigo,2021-01-15,+4
oliviarodrigo,2021-01-13,+2
oliviarodrigo,2021-01-12,+7
oliviarodrigo,2021-01-10,+17
oliviarodrigo,2021-01-08,+13
oliviarodrigo,2020-12-10,
oliviarodrigo,2020-12-01,
oliviarodrigo,2020-11-25,
oliviarodrigo,2020-11-05,
oliviarodrigo,2020-11-01,
oliviarodrigo,2020-10-23,
oliviarodrigo,2020-10-18,
oliviarodrigo,2020-10-15,
oliviarodrigo,2020-10-02,
oliviarodrigo,2020-09-22,-1
oliviarodrigo,2020-09-10,-5
oliviarodrigo,2020-08-13,
oliviarodrigo,2020-08-04,-5
oliviarodrigo,2020-07-14,-1
oliviarodrigo,2020-07-09,-1
oliviarodrigo,2020-07-04,
oliviarodrigo,2020-07-03,-3
oliviarodrigo,2020-06-22,+5
oliviarodrigo,2020-06-19,+10
oliviarodrigo,2020-06-09,+5
oliviarodrigo,2020-06-06,
oliviarodrigo,2020-06-05,
oliviarodrigo,2020-06-04,
oliviarodrigo,2020-06-03,+13
oliviarodrigo,2020-06-01,+1
oliviarodrigo,2020-05-31,
oliviarodrigo,Total Summary,
BabyAriel,2021-09-20,-2
BabyAriel,2021-09-14,
BabyAriel,2021-09-12,-8
BabyAriel,2021-09-03,-1
BabyAriel,2021-08-01,
BabyAriel,2021-07-17,+1
BabyAriel,2021-07-05,+3
BabyAriel,2021-06-23,+1
BabyAriel,2021-05-13,+8
BabyAriel,2021-03-12,+7
BabyAriel,2021-02-06,+21
BabyAriel,2021-01-27,+13
BabyAriel,2020-12-19,
BabyAriel,2020-12-08,+11
BabyAriel,2020-11-08,+20
BabyAriel,2020-11-01,+10
BabyAriel,2020-10-30,+5
BabyAriel,2020-10-15,+5
BabyAriel,2020-10-08,+14
BabyAriel,2020-09-10,+25
BabyAriel,2020-08-08,+59
BabyAriel,2020-07-13,+87
BabyAriel,2020-06-21,+16
BabyAriel,2020-06-13,+17
BabyAriel,2020-06-08,
BabyAriel,2020-06-04,+28
BabyAriel,2020-05-28,+3
BabyAriel,2020-05-26,+7
BabyAriel,2020-05-20,
BabyAriel,2020-05-19,+7
BabyAriel,2020-05-14,+8
BabyAriel,2020-05-11,
BabyAriel,Total Summary,
NICKIMINAJ,2021-11-03,-4
NICKIMINAJ,2021-10-31,-1
NICKIMINAJ,2021-10-16,+7
NICKIMINAJ,2021-10-15,+29
NICKIMINAJ,2021-10-12,+22
NICKIMINAJ,2021-09-29,+66
NICKIMINAJ,2021-09-13,+16
NICKIMINAJ,2021-09-01,-5
NICKIMINAJ,2021-08-31,+1
NICKIMINAJ,2021-08-28,+14
NICKIMINAJ,2021-07-27,
NICKIMINAJ,2021-07-23,
NICKIMINAJ,2021-07-20,+19
NICKIMINAJ,2021-06-30,+11
NICKIMINAJ,2021-06-20,
NICKIMINAJ,2021-06-14,+23
NICKIMINAJ,2021-06-11,+14
NICKIMINAJ,2021-06-03,+1
NICKIMINAJ,2021-06-02,+13
NICKIMINAJ,2021-05-21,+3
NICKIMINAJ,2021-05-18,-2
NICKIMINAJ,2021-05-17,+27
NICKIMINAJ,2021-05-12,
NICKIMINAJ,2021-05-07,
NICKIMINAJ,2021-05-03,
NICKIMINAJ,2021-04-30,-1
NICKIMINAJ,2021-04-25,
NICKIMINAJ,2021-04-22,-13
NICKIMINAJ,2021-04-11,-9
NICKIMINAJ,2021-03-21,
NICKIMINAJ,2021-03-19,-9
NICKIMINAJ,2021-02-27,-26
NICKIMINAJ,2021-02-20,-2
NICKIMINAJ,2021-02-15,
NICKIMINAJ,2021-02-12,-7
NICKIMINAJ,2021-02-09,-3
NICKIMINAJ,2021-01-29,-21
NICKIMINAJ,2021-01-17,-5
NICKIMINAJ,2021-01-07,
NICKIMINAJ,2021-01-05,+1
NICKIMINAJ,2021-01-01,+15
NICKIMINAJ,2020-12-24,-7
NICKIMINAJ,2020-12-21,-1
NICKIMINAJ,2020-12-19,-2
NICKIMINAJ,2020-11-28,+13
NICKIMINAJ,2020-11-24,+56
NICKIMINAJ,2020-11-05,-2
NICKIMINAJ,2020-10-24,+2
NICKIMINAJ,2020-10-20,-1
NICKIMINAJ,2020-10-18,+1
NICKIMINAJ,2020-10-08,-1
NICKIMINAJ,2020-10-05,-1
NICKIMINAJ,2020-09-29,-7
NICKIMINAJ,2020-09-26,-3
NICKIMINAJ,2020-09-17,-33
NICKIMINAJ,2020-09-01,-1
NICKIMINAJ,2020-08-31,
NICKIMINAJ,2020-08-29,-16
NICKIMINAJ,2020-08-15,-10
NICKIMINAJ,2020-08-09,+2
NICKIMINAJ,2020-07-23,-2
NICKIMINAJ,2020-07-21,+1
NICKIMINAJ,2020-07-20,-38
NICKIMINAJ,2020-07-09,
NICKIMINAJ,2020-07-06,-4
NICKIMINAJ,2020-07-02,-2
NICKIMINAJ,2020-06-30,
NICKIMINAJ,2020-06-29,-2
NICKIMINAJ,2020-06-19,+38642
NICKIMINAJ,2020-06-13,
NICKIMINAJ,2020-06-06,
NICKIMINAJ,2020-06-04,+1
NICKIMINAJ,2020-06-03,+1
NICKIMINAJ,2020-06-01,+1
NICKIMINAJ,2020-05-30,
NICKIMINAJ,2020-05-27,
NICKIMINAJ,2020-05-19,-1
NICKIMINAJ,2020-05-15,+1
NICKIMINAJ,2020-05-09,
NICKIMINAJ,2020-05-08,
NICKIMINAJ,2020-05-07,
NICKIMINAJ,2020-05-06,
NICKIMINAJ,2020-05-05,
NICKIMINAJ,2020-05-04,
NICKIMINAJ,2020-05-03,
NICKIMINAJ,2020-05-02,
NICKIMINAJ,2020-05-01,
NICKIMINAJ,2020-04-30,
NICKIMINAJ,2020-04-29,
NICKIMINAJ,2020-04-28,
NICKIMINAJ,2020-04-27,
NICKIMINAJ,2020-04-26,
NICKIMINAJ,2020-04-25,
NICKIMINAJ,2020-04-24,
NICKIMINAJ,2020-04-23,
NICKIMINAJ,2020-04-21,
NICKIMINAJ,2020-04-20,
NICKIMINAJ,2020-04-19,+3600
NICKIMINAJ,2020-04-09,
NICKIMINAJ,Total Summary,
JoshRichards,2021-08-07,+18
JoshRichards,2021-07-22,+5
JoshRichards,2021-07-20,+77
JoshRichards,2021-06-09,+5
JoshRichards,2021-06-02,+5
JoshRichards,2021-05-29,+8
JoshRichards,2021-05-20,+8
JoshRichards,2021-05-12,+5
JoshRichards,2021-05-08,+6
JoshRichards,2021-05-03,+5
JoshRichards,2021-05-01,+5
JoshRichards,2021-04-29,+14
JoshRichards,2021-04-23,+18
JoshRichards,2021-04-17,+18
JoshRichards,2021-04-11,+2
JoshRichards,2021-04-07,+60
JoshRichards,2021-03-21,+6
JoshRichards,2021-03-19,+4
JoshRichards,2021-03-17,+5
JoshRichards,2021-03-16,+2
JoshRichards,2021-03-15,
JoshRichards,Total Summary,
noahbeck,2021-10-21,+26
noahbeck,2021-10-08,+14
noahbeck,2021-09-26,+31
noahbeck,2021-09-18,+111
noahbeck,2021-09-11,+10
noahbeck,2021-09-08,
noahbeck,2021-09-04,
noahbeck,2021-09-03,+15
noahbeck,2021-08-25,+28
noahbeck,2021-08-06,+28
noahbeck,2021-07-15,+22
noahbeck,2021-07-06,+18
noahbeck,2021-06-29,+43
noahbeck,2021-06-21,
noahbeck,2021-06-01,+3
noahbeck,2021-05-28,+12
noahbeck,2021-05-18,+3
noahbeck,2021-05-16,+2
noahbeck,2021-05-13,+5
noahbeck,2021-05-09,
noahbeck,2021-05-08,
noahbeck,2021-05-07,+5
noahbeck,2021-05-04,
noahbeck,2021-05-02,
noahbeck,2021-05-01,+4
noahbeck,2021-04-28,+10
noahbeck,2021-04-20,+1
noahbeck,2021-04-18,+11
noahbeck,2021-04-15,+5
noahbeck,2021-04-10,+4
noahbeck,2021-04-08,+33
noahbeck,2021-03-21,+8
noahbeck,2021-03-17,+8
noahbeck,2021-03-08,+3
noahbeck,2021-03-07,+1
noahbeck,2021-03-05,+16
noahbeck,2021-02-28,+37
noahbeck,2021-02-17,+15
noahbeck,2021-02-14,+2
noahbeck,2021-02-11,+1
noahbeck,2021-02-09,
noahbeck,Total Summary,
lopez__tony,,
jakepaul,2021-11-14,
jakepaul,2021-11-13,+5
jakepaul,2021-11-08,+3
jakepaul,2021-11-05,+8
jakepaul,2021-11-03,+1
jakepaul,2021-11-01,+19
jakepaul,2021-10-24,+18
jakepaul,2021-10-17,+3
jakepaul,2021-10-11,+8
jakepaul,2021-10-07,+5
jakepaul,2021-10-01,+5
jakepaul,2021-09-29,+5
jakepaul,2021-09-26,+18
jakepaul,2021-09-18,-5
jakepaul,2021-09-14,+2
jakepaul,2021-09-09,+4
jakepaul,2021-09-07,-1
jakepaul,2021-09-05,+6
jakepaul,2021-09-04,+2
jakepaul,2021-09-02,+5
jakepaul,2021-08-31,+21
jakepaul,2021-08-30,+9
jakepaul,2021-08-28,+6
jakepaul,2021-08-26,+13
jakepaul,2021-08-23,+2
jakepaul,2021-08-21,+7
jakepaul,2021-08-19,+2
jakepaul,2021-08-16,+13
jakepaul,2021-08-14,+15
jakepaul,2021-08-07,+25
jakepaul,2021-07-24,+4
jakepaul,2021-07-21,+19
jakepaul,2021-07-12,+9
jakepaul,2021-07-07,+4
jakepaul,2021-07-01,+2
jakepaul,2021-06-30,+7
jakepaul,2021-06-19,
jakepaul,2021-06-17,
jakepaul,2021-06-16,+1
jakepaul,2021-06-14,+3
jakepaul,2021-06-12,+5
jakepaul,2021-06-07,+10
jakepaul,2021-06-05,+8
jakepaul,2021-06-01,+3
jakepaul,2021-05-30,
jakepaul,2021-05-28,+5
jakepaul,2021-05-25,+4
jakepaul,2021-05-22,+6
jakepaul,2021-05-19,+18
jakepaul,2021-05-14,+13
jakepaul,2021-05-09,+28
jakepaul,2021-04-26,+59
jakepaul,2021-04-13,+38
jakepaul,2021-03-16,+11
jakepaul,2021-03-02,+1
jakepaul,2021-02-27,+2
jakepaul,2021-02-12,+5
jakepaul,2021-01-29,+19
jakepaul,2021-01-18,+9
jakepaul,2021-01-04,+18
jakepaul,2020-12-23,+13
jakepaul,2020-12-09,+11
jakepaul,2020-12-08,+33
jakepaul,2020-11-23,+7
jakepaul,2020-11-03,+8
jakepaul,2020-10-19,+3
jakepaul,2020-10-11,+9
jakepaul,2020-10-01,+6
jakepaul,2020-09-30,+23
jakepaul,2020-08-15,+9
jakepaul,2020-07-20,+1
jakepaul,2020-07-01,-21
jakepaul,2020-06-13,+2
jakepaul,2020-06-03,
jakepaul,2020-06-02,
jakepaul,2020-06-01,+2
jakepaul,2020-05-30,
jakepaul,2020-05-29,
jakepaul,2020-05-25,+1
jakepaul,2020-05-24,+5
jakepaul,2020-05-18,+1
jakepaul,2020-05-14,+2
jakepaul,2020-05-11,
jakepaul,Total Summary,
BrentRivera,2021-11-07,
BrentRivera,2021-10-26,+2
BrentRivera,2021-10-03,+1
BrentRivera,2021-09-20,-2
BrentRivera,2021-09-18,
BrentRivera,2021-09-12,
BrentRivera,2021-09-11,
BrentRivera,2021-09-09,
BrentRivera,2021-09-06,
BrentRivera,2021-09-04,
BrentRivera,2021-08-30,
BrentRivera,2021-08-29,
BrentRivera,2021-08-27,
BrentRivera,2021-08-24,
BrentRivera,2021-08-22,
BrentRivera,2021-08-19,
BrentRivera,2021-08-18,
BrentRivera,2021-08-15,
BrentRivera,2021-08-05,
BrentRivera,2021-08-03,-1
BrentRivera,2021-08-01,
BrentRivera,2021-07-30,
BrentRivera,2021-07-25,
BrentRivera,2021-07-23,
BrentRivera,2021-07-10,
BrentRivera,2021-07-06,
BrentRivera,2021-06-18,-1
BrentRivera,2021-06-09,+1
BrentRivera,2021-05-30,+1
BrentRivera,2021-05-12,
BrentRivera,2021-05-08,
BrentRivera,2021-04-15,+2
BrentRivera,2021-03-19,
BrentRivera,2021-03-14,
BrentRivera,2021-03-06,+3
BrentRivera,2021-02-24,+1
BrentRivera,2021-02-11,+1
BrentRivera,2021-02-08,+2
BrentRivera,2021-01-09,
BrentRivera,2020-12-27,+1
BrentRivera,2020-12-14,+4
BrentRivera,2020-11-12,+2
BrentRivera,2020-10-25,-2
BrentRivera,2020-10-12,+1
BrentRivera,2020-09-26,
BrentRivera,2020-09-02,-4
BrentRivera,2020-07-27,+4
BrentRivera,2020-07-06,+2
BrentRivera,2020-06-14,
BrentRivera,2020-06-04,+1
BrentRivera,2020-05-28,-1
BrentRivera,2020-05-22,
BrentRivera,2020-05-16,
BrentRivera,Total Summary,
DavidDobrik,2021-11-08,
DavidDobrik,2021-11-06,+1
DavidDobrik,2021-10-26,
DavidDobrik,2021-10-21,
DavidDobrik,2021-10-05,
DavidDobrik,2021-10-02,
DavidDobrik,2021-09-30,
DavidDobrik,2021-09-18,
DavidDobrik,2021-09-16,
DavidDobrik,2021-09-13,
DavidDobrik,2021-09-10,
DavidDobrik,2021-09-08,
DavidDobrik,2021-09-07,
DavidDobrik,2021-09-05,
DavidDobrik,2021-08-30,
DavidDobrik,2021-08-29,
DavidDobrik,2021-08-27,
DavidDobrik,2021-08-26,
DavidDobrik,2021-08-25,
DavidDobrik,2021-08-23,
DavidDobrik,2021-08-21,
DavidDobrik,2021-08-20,
DavidDobrik,2021-08-18,
DavidDobrik,2021-08-17,
DavidDobrik,2021-08-16,
DavidDobrik,2021-08-14,
DavidDobrik,2021-08-13,
DavidDobrik,2021-08-05,
DavidDobrik,2021-08-02,
DavidDobrik,2021-07-24,
DavidDobrik,2021-07-21,
DavidDobrik,2021-07-19,
DavidDobrik,2021-07-16,
DavidDobrik,2021-07-14,
DavidDobrik,2021-07-09,
DavidDobrik,2021-07-07,
DavidDobrik,2021-07-06,
DavidDobrik,2021-07-04,
DavidDobrik,2021-07-03,
DavidDobrik,2021-06-29,
DavidDobrik,2021-06-27,
DavidDobrik,2021-06-19,
DavidDobrik,2021-06-18,
DavidDobrik,2021-06-15,
DavidDobrik,2021-06-14,
DavidDobrik,2021-06-11,
DavidDobrik,2021-06-10,
DavidDobrik,2021-06-08,
DavidDobrik,2021-06-07,
DavidDobrik,2021-06-05,
DavidDobrik,2021-06-03,
DavidDobrik,2021-06-02,
DavidDobrik,2021-05-31,
DavidDobrik,2021-05-29,
DavidDobrik,2021-05-24,
DavidDobrik,2021-05-23,
DavidDobrik,2021-05-21,
DavidDobrik,2021-05-20,
DavidDobrik,2021-05-17,
DavidDobrik,2021-05-15,
DavidDobrik,2021-05-13,
DavidDobrik,2021-05-12,
DavidDobrik,2021-05-09,
DavidDobrik,2021-05-07,
DavidDobrik,2021-05-05,
DavidDobrik,2021-05-04,
DavidDobrik,2021-04-30,
DavidDobrik,2021-04-28,
DavidDobrik,2021-04-27,
DavidDobrik,2021-04-24,
DavidDobrik,2021-04-18,
DavidDobrik,2021-04-17,
DavidDobrik,2021-04-14,
DavidDobrik,2021-04-08,
DavidDobrik,2021-04-06,
DavidDobrik,2021-03-22,-1
DavidDobrik,2021-03-17,
DavidDobrik,2021-03-14,+3
DavidDobrik,2021-02-08,
DavidDobrik,2021-01-29,+3
DavidDobrik,2020-12-21,
DavidDobrik,2020-12-11,+1
DavidDobrik,2020-11-10,+3
DavidDobrik,2020-10-24,+1
DavidDobrik,2020-10-10,
DavidDobrik,2020-09-30,+2
DavidDobrik,2020-08-15,+2
DavidDobrik,2020-07-19,
DavidDobrik,2020-07-05,+2
DavidDobrik,2020-06-13,+1
DavidDobrik,2020-06-07,+4
DavidDobrik,2020-05-30,+2
DavidDobrik,2020-05-23,
DavidDobrik,2020-05-18,
DavidDobrik,2020-05-14,
DavidDobrik,Total Summary,
Gavinmagnus1,,
