Name,Date,yt_upload
charlidamelio,2021-12-30,
charlidamelio,2021-12-29,
charlidamelio,2021-12-27,
charlidamelio,2021-12-26,+1
charlidamelio,2021-12-24,+2
charlidamelio,2021-12-23,+1
charlidamelio,2021-12-22,+1
charlidamelio,2021-12-21,+1
charlidamelio,2021-12-20,+1
charlidamelio,2021-12-19,+1
charlidamelio,2021-12-18,+2
charlidamelio,2021-12-17,+1
charlidamelio,2021-12-16,+2
charlidamelio,2021-12-14,
charlidamelio,2021-12-13,+1
charlidamelio,2021-12-12,
charlidamelio,2021-12-11,
charlidamelio,2021-12-10,
charlidamelio,2021-12-09,+1
charlidamelio,2021-12-08,
charlidamelio,2021-12-07,
charlidamelio,2021-12-06,
charlidamelio,2021-12-03,
charlidamelio,2021-11-16,
charlidamelio,2021-11-15,
charlidamelio,2021-11-14,
charlidamelio,2021-11-12,
charlidamelio,2021-11-11,+1
charlidamelio,2021-11-10,
charlidamelio,2021-11-09,
charlidamelio,2021-11-08,
charlidamelio,2021-11-07,
charlidamelio,2021-11-06,
charlidamelio,2021-11-05,
charlidamelio,2021-11-04,
charlidamelio,2021-11-03,
charlidamelio,2021-11-01,
charlidamelio,2021-10-31,+1
charlidamelio,2021-10-30,
charlidamelio,2021-10-29,
charlidamelio,2021-10-28,
charlidamelio,2021-10-26,
charlidamelio,2021-10-25,
charlidamelio,2021-10-24,
charlidamelio,2021-10-23,
charlidamelio,2021-10-21,
charlidamelio,2021-10-20,
charlidamelio,2021-10-19,
charlidamelio,2021-10-18,
charlidamelio,2021-10-16,
charlidamelio,2021-10-15,
charlidamelio,2021-10-14,
charlidamelio,2021-10-13,
charlidamelio,2021-10-12,
charlidamelio,2021-10-11,
charlidamelio,2021-10-09,+1
charlidamelio,2021-10-08,
charlidamelio,2021-10-07,
charlidamelio,2021-10-06,
charlidamelio,2021-10-05,
charlidamelio,2021-10-04,
charlidamelio,2021-10-02,
charlidamelio,2021-10-01,
charlidamelio,2021-09-30,
charlidamelio,2021-09-29,+1
charlidamelio,2021-09-27,
charlidamelio,2021-09-26,
charlidamelio,2021-09-25,
charlidamelio,2021-09-23,
charlidamelio,2021-09-22,+1
charlidamelio,2021-09-21,
charlidamelio,2021-09-20,
charlidamelio,2021-09-19,
charlidamelio,2021-09-18,
charlidamelio,2021-09-16,
charlidamelio,2021-09-15,
charlidamelio,2021-09-14,
charlidamelio,2021-09-13,
charlidamelio,2021-09-12,
charlidamelio,2021-09-11,
charlidamelio,2021-09-10,
charlidamelio,2021-09-09,
charlidamelio,2021-09-08,
charlidamelio,2021-09-06,
charlidamelio,2021-09-05,
charlidamelio,2021-09-04,
charlidamelio,2021-09-03,
charlidamelio,2021-09-01,
charlidamelio,2021-08-31,
charlidamelio,2021-08-30,
charlidamelio,2021-08-29,
charlidamelio,2021-08-28,
charlidamelio,2021-08-27,
charlidamelio,2021-08-25,
charlidamelio,2021-08-24,
charlidamelio,2021-08-23,
charlidamelio,2021-08-22,
charlidamelio,2021-08-21,
charlidamelio,2021-08-20,
charlidamelio,2021-08-18,
charlidamelio,2021-08-17,
charlidamelio,2021-08-16,+1
charlidamelio,2021-08-13,
charlidamelio,2021-08-11,
charlidamelio,2021-08-10,
charlidamelio,2021-08-09,
charlidamelio,2021-08-08,
charlidamelio,2021-08-06,
charlidamelio,2021-08-04,
charlidamelio,2021-08-02,
charlidamelio,2021-07-29,
charlidamelio,2021-07-28,
charlidamelio,2021-07-27,
charlidamelio,2021-07-21,
charlidamelio,2021-07-17,
charlidamelio,2021-07-13,
charlidamelio,2021-07-09,
charlidamelio,2021-07-04,
charlidamelio,2021-06-30,
charlidamelio,2021-06-26,+1
charlidamelio,2021-06-22,
charlidamelio,2021-06-16,
charlidamelio,2021-06-07,
charlidamelio,2021-05-23,-1
charlidamelio,2021-05-18,
julesleblanc,2021-12-31,
julesleblanc,2021-12-26,
julesleblanc,2021-12-24,
julesleblanc,2021-12-23,
julesleblanc,2021-12-20,
julesleblanc,2021-12-19,
julesleblanc,2021-12-17,
julesleblanc,2021-12-16,
julesleblanc,2021-12-14,
julesleblanc,2021-12-13,
julesleblanc,2021-12-12,
julesleblanc,2021-12-10,
julesleblanc,2021-12-09,
julesleblanc,2021-12-08,
julesleblanc,2021-12-06,
julesleblanc,2021-11-15,
julesleblanc,2021-11-13,
julesleblanc,2021-11-11,
julesleblanc,2021-11-10,
julesleblanc,2021-11-09,
julesleblanc,2021-11-08,
julesleblanc,2021-11-06,
julesleblanc,2021-11-04,
julesleblanc,2021-11-01,
julesleblanc,2021-10-30,
julesleblanc,2021-10-29,
julesleblanc,2021-10-27,
julesleblanc,2021-10-25,
julesleblanc,2021-10-24,
julesleblanc,2021-10-18,
julesleblanc,2021-10-16,
julesleblanc,2021-10-15,
julesleblanc,2021-10-13,
julesleblanc,2021-10-12,
julesleblanc,2021-10-10,
julesleblanc,2021-10-08,
julesleblanc,2021-10-03,
julesleblanc,2021-10-02,
julesleblanc,2021-10-01,
julesleblanc,2021-09-25,
julesleblanc,2021-09-21,
julesleblanc,2021-09-17,
julesleblanc,2021-09-16,
julesleblanc,2021-09-14,
julesleblanc,2021-09-12,
julesleblanc,2021-09-11,
julesleblanc,2021-09-10,
julesleblanc,2021-09-09,
julesleblanc,2021-09-08,
julesleblanc,2021-08-30,
julesleblanc,2021-08-28,
julesleblanc,2021-08-26,
julesleblanc,2021-08-25,
julesleblanc,2021-08-23,
julesleblanc,2021-08-22,
julesleblanc,2021-08-21,
julesleblanc,2021-08-20,
julesleblanc,2021-08-19,
julesleblanc,2021-08-17,
julesleblanc,2021-08-16,
julesleblanc,2021-08-14,
julesleblanc,2021-08-13,
julesleblanc,2021-08-11,
julesleblanc,2021-08-09,
julesleblanc,2021-08-08,
julesleblanc,2021-08-05,
julesleblanc,2021-08-03,
julesleblanc,2021-07-30,
julesleblanc,2021-07-24,
julesleblanc,2021-07-15,
julesleblanc,2021-07-11,
julesleblanc,2021-07-05,
julesleblanc,2021-06-30,
julesleblanc,2021-06-23,
julesleblanc,2021-06-17,
julesleblanc,2021-06-09,
julesleblanc,2021-05-31,
julesleblanc,2021-05-23,
julesleblanc,2021-05-18,
julesleblanc,2021-05-09,
julesleblanc,2021-05-04,
julesleblanc,2021-04-30,
julesleblanc,2021-04-27,
julesleblanc,2021-04-23,
julesleblanc,2021-04-20,
julesleblanc,2021-04-17,
julesleblanc,2021-04-15,
julesleblanc,2021-03-19,
julesleblanc,2021-03-13,
julesleblanc,2021-03-11,
julesleblanc,2021-03-05,
julesleblanc,2021-03-02,
julesleblanc,2021-02-22,+1
julesleblanc,2021-02-13,
julesleblanc,2021-02-11,
julesleblanc,2021-02-08,-1
julesleblanc,2021-01-23,
julesleblanc,2021-01-13,
julesleblanc,2020-12-25,
julesleblanc,2020-12-22,
julesleblanc,2020-12-18,+1
julesleblanc,2020-10-23,+1
julesleblanc,2020-09-29,
julesleblanc,2020-09-23,
julesleblanc,2020-07-27,
julesleblanc,2020-07-10,
julesleblanc,2020-06-07,
julesleblanc,2020-06-02,
julesleblanc,2020-05-27,+288
julesleblanc,2020-05-24,
julesleblanc,2020-05-22,
julesleblanc,2020-05-20,-288
julesleblanc,2020-05-17,
arianagrande,2021-12-31,
arianagrande,2021-12-30,
arianagrande,2021-12-29,
arianagrande,2021-12-28,
arianagrande,2021-12-27,
arianagrande,2021-12-26,
arianagrande,2021-12-25,
arianagrande,2021-12-23,
arianagrande,2021-12-22,
arianagrande,2021-12-21,
arianagrande,2021-12-20,
arianagrande,2021-12-19,
arianagrande,2021-12-18,
arianagrande,2021-12-17,
arianagrande,2021-12-16,
arianagrande,2021-12-14,
arianagrande,2021-12-13,
arianagrande,2021-12-12,-1
arianagrande,2021-12-11,+1
arianagrande,2021-12-10,
arianagrande,2021-12-09,
arianagrande,2021-12-07,
arianagrande,2021-12-06,
arianagrande,2021-11-16,
arianagrande,2021-11-15,
arianagrande,2021-11-13,
arianagrande,2021-11-12,
arianagrande,2021-11-11,-1
arianagrande,2021-11-10,
arianagrande,2021-11-09,
arianagrande,2021-11-08,
arianagrande,2021-11-06,
arianagrande,2021-11-05,
arianagrande,2021-11-04,
arianagrande,2021-11-03,
arianagrande,2021-11-01,
arianagrande,2021-10-31,
arianagrande,2021-10-30,
arianagrande,2021-10-29,
arianagrande,2021-10-28,
arianagrande,2021-10-27,
arianagrande,2021-10-26,
arianagrande,2021-10-25,
arianagrande,2021-10-24,
arianagrande,2021-10-23,
arianagrande,2021-10-21,
arianagrande,2021-10-20,
arianagrande,2021-10-19,
arianagrande,2021-10-18,
arianagrande,2021-10-17,
arianagrande,2021-10-16,
arianagrande,2021-10-15,
arianagrande,2021-10-14,
arianagrande,2021-10-13,
arianagrande,2021-10-12,
arianagrande,2021-10-11,
arianagrande,2021-10-09,
arianagrande,2021-10-08,
arianagrande,2021-10-06,
arianagrande,2021-10-05,
arianagrande,2021-10-04,
arianagrande,2021-10-03,
arianagrande,2021-10-02,
arianagrande,2021-10-01,
arianagrande,2021-09-30,
arianagrande,2021-09-29,
arianagrande,2021-09-28,
arianagrande,2021-09-27,
arianagrande,2021-09-26,
arianagrande,2021-09-24,
arianagrande,2021-09-23,
arianagrande,2021-09-22,
arianagrande,2021-09-21,
arianagrande,2021-09-19,
arianagrande,2021-09-18,
arianagrande,2021-09-17,
arianagrande,2021-09-16,
arianagrande,2021-09-14,
arianagrande,2021-09-13,
arianagrande,2021-09-12,
arianagrande,2021-09-11,
arianagrande,2021-09-10,
arianagrande,2021-09-09,
arianagrande,2021-09-08,
arianagrande,2021-09-07,
arianagrande,2021-09-06,
arianagrande,2021-09-05,
arianagrande,2021-09-04,
arianagrande,2021-09-03,
arianagrande,2021-09-01,
arianagrande,2021-08-30,
arianagrande,2021-08-29,
arianagrande,2021-08-28,
arianagrande,2021-08-27,
arianagrande,2021-08-26,
arianagrande,2021-08-25,
arianagrande,2021-08-23,
arianagrande,2021-08-22,
arianagrande,2021-08-21,
arianagrande,2021-08-20,
arianagrande,2021-08-18,
arianagrande,2021-08-17,
arianagrande,2021-08-16,
arianagrande,2021-08-14,
arianagrande,2021-08-13,
arianagrande,2021-08-12,
arianagrande,2021-08-10,
arianagrande,2021-08-09,
arianagrande,2021-08-08,+1
arianagrande,2021-08-07,
arianagrande,2021-08-06,
arianagrande,2021-08-05,
arianagrande,2021-08-03,
arianagrande,2021-08-02,
arianagrande,2021-07-31,
arianagrande,2021-07-30,
arianagrande,2021-07-29,
arianagrande,2021-07-24,
arianagrande,2021-07-20,
arianagrande,2021-07-16,
arianagrande,2021-07-12,
arianagrande,2021-07-07,
arianagrande,2021-07-03,
arianagrande,2021-06-28,
arianagrande,2021-06-25,
arianagrande,2021-06-21,
arianagrande,2021-06-16,
arianagrande,2021-06-12,
arianagrande,2021-06-08,
arianagrande,2021-05-24,
arianagrande,2021-05-18,
arianagrande,2021-05-14,
justinbieber,2021-12-31,
justinbieber,2021-12-30,
justinbieber,2021-12-29,
justinbieber,2021-12-28,
justinbieber,2021-12-27,
justinbieber,2021-12-26,
justinbieber,2021-12-25,
justinbieber,2021-12-24,
justinbieber,2021-12-23,
justinbieber,2021-12-21,
justinbieber,2021-12-20,
justinbieber,2021-12-19,
justinbieber,2021-12-17,
justinbieber,2021-12-16,
justinbieber,2021-12-14,
justinbieber,2021-12-12,
justinbieber,2021-12-11,
justinbieber,2021-12-10,
justinbieber,2021-12-08,
justinbieber,2021-12-07,
justinbieber,2021-12-06,+2
justinbieber,2021-11-16,
justinbieber,2021-11-14,
justinbieber,2021-11-13,
justinbieber,2021-11-11,
justinbieber,2021-11-10,+1
justinbieber,2021-11-05,+1
justinbieber,2021-11-04,
justinbieber,2021-11-03,
justinbieber,2021-11-01,
justinbieber,2021-10-30,
justinbieber,2021-10-29,
justinbieber,2021-10-28,
justinbieber,2021-10-26,
justinbieber,2021-10-25,
justinbieber,2021-10-24,
justinbieber,2021-10-22,
justinbieber,2021-10-20,
justinbieber,2021-10-19,+1
justinbieber,2021-10-17,
justinbieber,2021-10-15,+1
justinbieber,2021-10-14,
justinbieber,2021-10-13,
justinbieber,2021-10-12,
justinbieber,2021-10-10,
justinbieber,2021-10-07,
justinbieber,2021-10-06,
justinbieber,2021-10-05,
justinbieber,2021-10-04,
justinbieber,2021-10-02,+1
justinbieber,2021-10-01,
justinbieber,2021-09-30,
justinbieber,2021-09-28,
justinbieber,2021-09-27,
justinbieber,2021-09-26,
justinbieber,2021-09-24,
justinbieber,2021-09-22,
justinbieber,2021-09-20,
justinbieber,2021-09-17,
justinbieber,2021-09-16,
justinbieber,2021-09-15,
justinbieber,2021-09-13,+1
justinbieber,2021-09-12,
justinbieber,2021-09-11,
justinbieber,2021-09-10,
justinbieber,2021-09-08,
justinbieber,2021-09-07,
justinbieber,2021-09-06,
justinbieber,2021-09-04,
justinbieber,2021-09-02,
justinbieber,2021-09-01,
justinbieber,2021-08-30,
justinbieber,2021-08-29,
justinbieber,2021-08-28,
justinbieber,2021-08-26,
justinbieber,2021-08-25,+1
justinbieber,2021-08-24,
justinbieber,2021-08-23,
justinbieber,2021-08-21,
justinbieber,2021-08-20,
justinbieber,2021-08-19,+1
justinbieber,2021-08-18,
justinbieber,2021-08-17,
justinbieber,2021-08-16,
justinbieber,2021-08-14,
justinbieber,2021-08-13,
justinbieber,2021-08-11,
justinbieber,2021-08-10,
justinbieber,2021-08-09,
justinbieber,2021-08-08,
justinbieber,2021-08-07,
justinbieber,2021-08-06,
justinbieber,2021-08-05,
justinbieber,2021-08-03,
justinbieber,2021-08-02,
justinbieber,2021-07-31,
justinbieber,2021-07-30,
justinbieber,2021-07-29,
justinbieber,2021-07-28,
justinbieber,2021-07-24,
justinbieber,2021-07-22,
justinbieber,2021-07-18,
justinbieber,2021-07-13,+1
justinbieber,2021-07-09,+4
justinbieber,2021-06-27,+1
justinbieber,2021-06-22,
justinbieber,2021-06-17,
justinbieber,2021-06-12,
justinbieber,2021-06-07,+1
justinbieber,2021-05-22,
justinbieber,2021-05-15,
justinbieber,2021-05-13,
justinbieber,2021-05-11,
piperrockelle,2021-12-31,+1
piperrockelle,2021-12-30,
piperrockelle,2021-12-29,
piperrockelle,2021-12-28,
piperrockelle,2021-12-27,+1
piperrockelle,2021-12-25,+1
piperrockelle,2021-12-24,+1
piperrockelle,2021-12-23,
piperrockelle,2021-12-22,
piperrockelle,2021-12-20,
piperrockelle,2021-12-19,+1
piperrockelle,2021-12-18,+2
piperrockelle,2021-12-17,
piperrockelle,2021-12-16,
piperrockelle,2021-12-14,
piperrockelle,2021-12-13,
piperrockelle,2021-12-12,+1
piperrockelle,2021-12-11,+2
piperrockelle,2021-12-10,
piperrockelle,2021-12-09,
piperrockelle,2021-12-08,
piperrockelle,2021-12-07,
piperrockelle,2021-12-06,+3
piperrockelle,2021-12-02,+5
piperrockelle,2021-11-17,
piperrockelle,2021-11-16,
piperrockelle,2021-11-14,+1
piperrockelle,2021-11-13,+1
piperrockelle,2021-11-12,+1
piperrockelle,2021-11-11,
piperrockelle,2021-11-10,
piperrockelle,2021-11-09,
piperrockelle,2021-11-08,+1
piperrockelle,2021-11-07,+1
piperrockelle,2021-11-06,+1
piperrockelle,2021-11-04,
piperrockelle,2021-11-03,
piperrockelle,2021-11-02,
piperrockelle,2021-11-01,
piperrockelle,2021-10-31,+2
piperrockelle,2021-10-30,+1
piperrockelle,2021-10-29,
piperrockelle,2021-10-27,
piperrockelle,2021-10-26,
piperrockelle,2021-10-25,+1
piperrockelle,2021-10-24,+1
piperrockelle,2021-10-23,+1
piperrockelle,2021-10-22,
piperrockelle,2021-10-20,
piperrockelle,2021-10-19,
piperrockelle,2021-10-18,+1
piperrockelle,2021-10-17,+1
piperrockelle,2021-10-16,+1
piperrockelle,2021-10-14,
piperrockelle,2021-10-13,
piperrockelle,2021-10-12,
piperrockelle,2021-10-11,+1
piperrockelle,2021-10-10,+1
piperrockelle,2021-10-09,+1
piperrockelle,2021-10-07,
piperrockelle,2021-10-06,
piperrockelle,2021-10-05,
piperrockelle,2021-10-04,+1
piperrockelle,2021-10-03,+1
piperrockelle,2021-10-02,+1
piperrockelle,2021-09-30,
piperrockelle,2021-09-29,
piperrockelle,2021-09-28,
piperrockelle,2021-09-27,+1
piperrockelle,2021-09-26,+1
piperrockelle,2021-09-25,
piperrockelle,2021-09-24,+1
piperrockelle,2021-09-22,+4
piperrockelle,2021-09-21,
piperrockelle,2021-09-20,+5
piperrockelle,2021-09-19,+1
piperrockelle,2021-09-18,+1
piperrockelle,2021-09-16,
piperrockelle,2021-09-15,
piperrockelle,2021-09-14,
piperrockelle,2021-09-12,
piperrockelle,2021-09-11,
piperrockelle,2021-09-10,
piperrockelle,2021-09-09,-1
piperrockelle,2021-09-08,-15
piperrockelle,2021-09-07,
piperrockelle,2021-09-06,+1
piperrockelle,2021-09-05,+1
piperrockelle,2021-09-04,
piperrockelle,2021-09-03,+1
piperrockelle,2021-09-01,
piperrockelle,2021-08-31,
piperrockelle,2021-08-30,+1
piperrockelle,2021-08-29,+1
piperrockelle,2021-08-28,
piperrockelle,2021-08-27,+1
piperrockelle,2021-08-26,
piperrockelle,2021-08-25,
piperrockelle,2021-08-24,
piperrockelle,2021-08-23,+1
piperrockelle,2021-08-22,
piperrockelle,2021-08-21,+2
piperrockelle,2021-08-19,
piperrockelle,2021-08-18,
piperrockelle,2021-08-17,
piperrockelle,2021-08-16,
piperrockelle,2021-08-15,+1
piperrockelle,2021-08-14,
piperrockelle,2021-08-12,+1
piperrockelle,2021-08-11,
piperrockelle,2021-08-09,
piperrockelle,2021-08-08,+1
piperrockelle,2021-08-07,+1
piperrockelle,2021-08-06,
piperrockelle,2021-08-05,+1
piperrockelle,2021-08-04,
piperrockelle,2021-08-03,+2
piperrockelle,2021-07-31,+3
piperrockelle,2021-07-30,
piperrockelle,2021-07-29,
piperrockelle,2021-07-28,
piperrockelle,2021-07-24,+1
piperrockelle,2021-07-19,+3
piperrockelle,2021-07-15,+1
piperrockelle,2021-07-11,+2
piperrockelle,2021-07-06,+2
piperrockelle,2021-07-02,+3
piperrockelle,2021-06-25,+2
piperrockelle,2021-06-20,+3
piperrockelle,2021-06-12,+2
piperrockelle,2021-06-08,
jacobsartorius,2021-12-31,
jacobsartorius,2021-12-25,
jacobsartorius,2021-12-10,+3
jacobsartorius,2021-11-10,
jacobsartorius,2021-11-08,
jacobsartorius,2021-11-07,
jacobsartorius,2021-11-05,
jacobsartorius,2021-11-04,
jacobsartorius,2021-11-03,
jacobsartorius,2021-10-30,
jacobsartorius,2021-10-27,
jacobsartorius,2021-10-19,
jacobsartorius,2021-10-11,+1
jacobsartorius,2021-10-09,
jacobsartorius,2021-10-04,+3
jacobsartorius,2021-09-29,
jacobsartorius,2021-09-26,
jacobsartorius,2021-09-25,
jacobsartorius,2021-09-19,
jacobsartorius,2021-09-18,
jacobsartorius,2021-09-14,
jacobsartorius,2021-09-13,
jacobsartorius,2021-09-10,
jacobsartorius,2021-09-08,
jacobsartorius,2021-09-07,
jacobsartorius,2021-09-02,+1
jacobsartorius,2021-08-31,
jacobsartorius,2021-08-30,
jacobsartorius,2021-08-28,
jacobsartorius,2021-08-26,
jacobsartorius,2021-08-19,
jacobsartorius,2021-08-04,
jacobsartorius,2021-07-21,
jacobsartorius,2021-07-17,+1
jacobsartorius,2021-07-10,
jacobsartorius,2021-07-06,+1
jacobsartorius,2021-06-23,
jacobsartorius,2021-06-19,
jacobsartorius,2021-06-11,
jacobsartorius,2021-06-06,
jacobsartorius,2021-05-22,
jacobsartorius,2021-05-18,
dixiedamelio,2021-12-31,
dixiedamelio,2021-12-30,
dixiedamelio,2021-12-28,
dixiedamelio,2021-12-26,
dixiedamelio,2021-12-24,
dixiedamelio,2021-12-23,
dixiedamelio,2021-12-22,
dixiedamelio,2021-12-20,
dixiedamelio,2021-12-19,
dixiedamelio,2021-12-17,
dixiedamelio,2021-12-15,
dixiedamelio,2021-12-14,+1
dixiedamelio,2021-12-12,
dixiedamelio,2021-12-11,
dixiedamelio,2021-12-10,
dixiedamelio,2021-12-09,
dixiedamelio,2021-12-07,
dixiedamelio,2021-12-06,
dixiedamelio,2021-12-01,
dixiedamelio,2021-11-16,
dixiedamelio,2021-11-14,
dixiedamelio,2021-11-12,
dixiedamelio,2021-11-10,
dixiedamelio,2021-11-09,
dixiedamelio,2021-11-07,
dixiedamelio,2021-11-06,
dixiedamelio,2021-11-04,
dixiedamelio,2021-11-03,+1
dixiedamelio,2021-11-01,
dixiedamelio,2021-10-31,
dixiedamelio,2021-10-29,
dixiedamelio,2021-10-25,
dixiedamelio,2021-10-24,
dixiedamelio,2021-10-23,
dixiedamelio,2021-10-22,
dixiedamelio,2021-10-20,
dixiedamelio,2021-10-18,
dixiedamelio,2021-10-16,+1
dixiedamelio,2021-10-14,
dixiedamelio,2021-10-13,
dixiedamelio,2021-10-12,
dixiedamelio,2021-10-11,
dixiedamelio,2021-10-09,
dixiedamelio,2021-10-08,
dixiedamelio,2021-10-06,
dixiedamelio,2021-10-05,+1
dixiedamelio,2021-10-03,
dixiedamelio,2021-10-02,
dixiedamelio,2021-10-01,
dixiedamelio,2021-09-30,
dixiedamelio,2021-09-28,
dixiedamelio,2021-09-25,
dixiedamelio,2021-09-22,
dixiedamelio,2021-09-21,
dixiedamelio,2021-09-19,
dixiedamelio,2021-09-17,
dixiedamelio,2021-09-16,
dixiedamelio,2021-09-15,
dixiedamelio,2021-09-07,
dixiedamelio,2021-09-03,
dixiedamelio,2021-09-01,
dixiedamelio,2021-08-30,
dixiedamelio,2021-08-29,
dixiedamelio,2021-08-28,
dixiedamelio,2021-08-26,
dixiedamelio,2021-08-25,
dixiedamelio,2021-08-24,+1
dixiedamelio,2021-08-22,
dixiedamelio,2021-08-21,
dixiedamelio,2021-08-19,
dixiedamelio,2021-08-17,+2
dixiedamelio,2021-08-14,
dixiedamelio,2021-08-11,
dixiedamelio,2021-08-08,+1
dixiedamelio,2021-08-06,+2
dixiedamelio,2021-08-05,+1
dixiedamelio,2021-08-04,+3
dixiedamelio,2021-07-27,
dixiedamelio,2021-07-21,+1
dixiedamelio,2021-07-14,+1
dixiedamelio,2021-07-10,
dixiedamelio,2021-07-05,+1
dixiedamelio,2021-06-29,+2
dixiedamelio,2021-06-20,+1
dixiedamelio,2021-06-16,
dixiedamelio,2021-06-07,+1
dixiedamelio,2021-06-01,+2
dixiedamelio,2021-05-27,+1
dixiedamelio,2021-05-23,
dixiedamelio,2021-05-18,
huddy,2021-12-29,
huddy,2021-12-27,
huddy,2021-12-25,-4
huddy,2021-12-20,
huddy,2021-12-19,
huddy,2021-12-15,
huddy,2021-12-06,
huddy,2021-11-13,+1
huddy,2021-11-08,
huddy,2021-11-02,
huddy,2021-10-31,
huddy,2021-10-21,
huddy,2021-10-15,
huddy,2021-10-13,
huddy,2021-09-29,
huddy,2021-09-28,
huddy,2021-09-21,+1
huddy,2021-09-14,
huddy,2021-09-06,
huddy,2021-08-25,+1
huddy,2021-08-09,
huddy,2021-08-06,
huddy,2021-08-05,
huddy,2021-08-03,
huddy,2021-07-23,
huddy,2021-07-16,
huddy,2021-07-10,
huddy,2021-07-05,
huddy,2021-06-24,
huddy,2021-06-20,
huddy,2021-06-14,
huddy,2021-06-08,
huddy,2021-05-20,
huddy,2021-04-15,+3
huddy,2021-01-25,
huddy,2021-01-22,+1
huddy,2021-01-19,
huddy,2021-01-16,
huddy,2021-01-13,
huddy,2021-01-11,
huddy,2021-01-07,
huddy,2021-01-04,
huddy,2021-01-01,
huddy,2020-12-29,
huddy,2020-12-24,+1
huddy,2020-12-21,
huddy,2020-12-18,
huddy,2020-12-13,+1
huddy,2020-12-09,
huddy,2020-12-06,+1
huddy,2020-12-02,+1
huddy,2020-11-25,
huddy,2020-11-21,+2
huddy,2020-11-13,
huddy,2020-11-10,+3
huddy,2020-10-21,
huddy,2020-10-17,-12
huddy,2020-10-04,
huddy,2020-10-02,
itsjojosiwa,2021-12-31,+1
itsjojosiwa,2021-12-30,
itsjojosiwa,2021-12-29,
itsjojosiwa,2021-12-28,
itsjojosiwa,2021-12-26,
itsjojosiwa,2021-12-24,
itsjojosiwa,2021-12-22,
itsjojosiwa,2021-12-20,
itsjojosiwa,2021-12-19,
itsjojosiwa,2021-12-17,
itsjojosiwa,2021-12-16,
itsjojosiwa,2021-12-15,
itsjojosiwa,2021-12-12,
itsjojosiwa,2021-12-08,
itsjojosiwa,2021-12-06,+5
itsjojosiwa,2021-11-16,+2
itsjojosiwa,2021-11-15,
itsjojosiwa,2021-11-13,
itsjojosiwa,2021-11-11,+4
itsjojosiwa,2021-11-09,
itsjojosiwa,2021-11-08,
itsjojosiwa,2021-11-06,
itsjojosiwa,2021-11-05,
itsjojosiwa,2021-11-03,
itsjojosiwa,2021-11-01,
itsjojosiwa,2021-10-31,
itsjojosiwa,2021-10-29,+1
itsjojosiwa,2021-10-28,
itsjojosiwa,2021-10-26,
itsjojosiwa,2021-10-25,
itsjojosiwa,2021-10-23,
itsjojosiwa,2021-10-22,
itsjojosiwa,2021-10-21,
itsjojosiwa,2021-10-20,+1
itsjojosiwa,2021-10-16,
itsjojosiwa,2021-10-15,
itsjojosiwa,2021-10-13,
itsjojosiwa,2021-10-12,
itsjojosiwa,2021-10-11,
itsjojosiwa,2021-10-09,
itsjojosiwa,2021-10-08,+1
itsjojosiwa,2021-10-06,
itsjojosiwa,2021-10-05,
itsjojosiwa,2021-10-04,
itsjojosiwa,2021-10-03,
itsjojosiwa,2021-10-01,
itsjojosiwa,2021-09-27,+1
itsjojosiwa,2021-09-23,
itsjojosiwa,2021-09-21,
itsjojosiwa,2021-09-17,+1
itsjojosiwa,2021-09-16,+1
itsjojosiwa,2021-09-15,+1
itsjojosiwa,2021-09-13,
itsjojosiwa,2021-09-11,+1
itsjojosiwa,2021-09-09,+1
itsjojosiwa,2021-09-08,
itsjojosiwa,2021-09-07,
itsjojosiwa,2021-09-04,
itsjojosiwa,2021-09-01,
itsjojosiwa,2021-08-31,
itsjojosiwa,2021-08-30,+1
itsjojosiwa,2021-08-29,+6
itsjojosiwa,2021-08-27,+1
itsjojosiwa,2021-08-25,
itsjojosiwa,2021-08-24,+1
itsjojosiwa,2021-08-20,
itsjojosiwa,2021-08-17,
itsjojosiwa,2021-08-16,
itsjojosiwa,2021-08-15,
itsjojosiwa,2021-08-12,
itsjojosiwa,2021-08-11,
itsjojosiwa,2021-08-10,
itsjojosiwa,2021-08-09,+1
itsjojosiwa,2021-08-05,
itsjojosiwa,2021-08-04,+1
itsjojosiwa,2021-07-24,
itsjojosiwa,2021-07-16,+1
itsjojosiwa,2021-07-12,+1
itsjojosiwa,2021-07-07,
itsjojosiwa,2021-07-03,
itsjojosiwa,2021-06-26,
itsjojosiwa,2021-06-22,+1
itsjojosiwa,2021-06-18,+3
itsjojosiwa,2021-06-13,+1
itsjojosiwa,2021-06-08,+6
itsjojosiwa,2021-05-25,+1
itsjojosiwa,2021-05-19,
maddieziegler,2021-12-27,
maddieziegler,2021-12-25,
maddieziegler,2021-12-24,
maddieziegler,2021-12-22,
maddieziegler,2021-12-17,
maddieziegler,2021-12-14,
maddieziegler,2021-12-12,
maddieziegler,2021-12-10,
maddieziegler,2021-12-09,
maddieziegler,2021-11-10,
maddieziegler,2021-11-08,
maddieziegler,2021-11-04,
maddieziegler,2021-11-01,
maddieziegler,2021-10-25,
maddieziegler,2021-10-21,
maddieziegler,2021-10-18,
maddieziegler,2021-10-08,
maddieziegler,2021-10-07,
maddieziegler,2021-10-01,
maddieziegler,2021-09-20,
maddieziegler,2021-09-02,
maddieziegler,2021-08-31,
maddieziegler,2021-08-25,
maddieziegler,2021-08-20,
maddieziegler,2021-08-17,
maddieziegler,2021-08-14,
maddieziegler,2021-08-10,
maddieziegler,2021-08-04,
maddieziegler,2021-07-26,
maddieziegler,2021-07-17,
maddieziegler,2021-07-12,
maddieziegler,2021-07-04,
maddieziegler,2021-06-29,
maddieziegler,2021-06-24,+1
maddieziegler,2021-06-17,+1
maddieziegler,2021-06-10,
maddieziegler,2021-05-30,
maddieziegler,2021-05-20,
jamescharles,2021-12-31,
jamescharles,2021-12-30,
jamescharles,2021-12-29,
jamescharles,2021-12-28,
jamescharles,2021-12-27,
jamescharles,2021-12-26,
jamescharles,2021-12-25,
jamescharles,2021-12-24,
jamescharles,2021-12-23,
jamescharles,2021-12-22,
jamescharles,2021-12-20,
jamescharles,2021-12-19,
jamescharles,2021-12-18,+1
jamescharles,2021-12-17,
jamescharles,2021-12-16,
jamescharles,2021-12-15,
jamescharles,2021-12-14,
jamescharles,2021-12-13,
jamescharles,2021-12-12,
jamescharles,2021-12-11,+1
jamescharles,2021-12-10,
jamescharles,2021-12-09,
jamescharles,2021-12-08,
jamescharles,2021-12-07,
jamescharles,2021-12-06,
jamescharles,2021-12-05,+1
jamescharles,2021-12-01,+3
jamescharles,2021-11-16,
jamescharles,2021-11-15,
jamescharles,2021-11-14,
jamescharles,2021-11-13,+1
jamescharles,2021-11-12,
jamescharles,2021-11-11,
jamescharles,2021-11-10,
jamescharles,2021-11-09,
jamescharles,2021-11-08,
jamescharles,2021-11-07,
jamescharles,2021-11-06,+1
jamescharles,2021-11-05,
jamescharles,2021-11-04,
jamescharles,2021-11-03,
jamescharles,2021-11-01,
jamescharles,2021-10-31,
jamescharles,2021-10-30,+1
jamescharles,2021-10-29,
jamescharles,2021-10-28,
jamescharles,2021-10-27,
jamescharles,2021-10-26,
jamescharles,2021-10-25,
jamescharles,2021-10-24,
jamescharles,2021-10-23,+1
jamescharles,2021-10-22,
jamescharles,2021-10-21,
jamescharles,2021-10-20,
jamescharles,2021-10-19,
jamescharles,2021-10-18,
jamescharles,2021-10-17,
jamescharles,2021-10-16,+1
jamescharles,2021-10-15,
jamescharles,2021-10-14,
jamescharles,2021-10-13,
jamescharles,2021-10-12,
jamescharles,2021-10-11,
jamescharles,2021-10-10,
jamescharles,2021-10-09,+1
jamescharles,2021-10-08,
jamescharles,2021-10-07,
jamescharles,2021-10-06,
jamescharles,2021-10-05,
jamescharles,2021-10-04,
jamescharles,2021-10-03,
jamescharles,2021-10-02,+1
jamescharles,2021-10-01,
jamescharles,2021-09-30,
jamescharles,2021-09-29,
jamescharles,2021-09-28,
jamescharles,2021-09-27,
jamescharles,2021-09-26,
jamescharles,2021-09-25,+1
jamescharles,2021-09-24,
jamescharles,2021-09-23,
jamescharles,2021-09-22,
jamescharles,2021-09-21,
jamescharles,2021-09-20,
jamescharles,2021-09-19,
jamescharles,2021-09-18,
jamescharles,2021-09-16,
jamescharles,2021-09-15,
jamescharles,2021-09-14,
jamescharles,2021-09-13,
jamescharles,2021-09-12,
jamescharles,2021-09-11,+1
jamescharles,2021-09-10,
jamescharles,2021-09-09,
jamescharles,2021-09-08,
jamescharles,2021-09-07,
jamescharles,2021-09-06,
jamescharles,2021-09-05,
jamescharles,2021-09-04,+1
jamescharles,2021-09-03,
jamescharles,2021-09-02,
jamescharles,2021-09-01,
jamescharles,2021-08-31,
jamescharles,2021-08-30,
jamescharles,2021-08-29,
jamescharles,2021-08-28,+1
jamescharles,2021-08-27,
jamescharles,2021-08-26,
jamescharles,2021-08-25,
jamescharles,2021-08-24,
jamescharles,2021-08-23,
jamescharles,2021-08-22,
jamescharles,2021-08-21,+1
jamescharles,2021-08-20,
jamescharles,2021-08-19,
jamescharles,2021-08-18,
jamescharles,2021-08-17,
jamescharles,2021-08-16,
jamescharles,2021-08-15,
jamescharles,2021-08-14,+1
jamescharles,2021-08-13,
jamescharles,2021-08-12,
jamescharles,2021-08-11,
jamescharles,2021-08-10,
jamescharles,2021-08-09,
jamescharles,2021-08-08,
jamescharles,2021-08-07,+1
jamescharles,2021-08-06,
jamescharles,2021-08-05,
jamescharles,2021-08-04,
jamescharles,2021-08-03,
jamescharles,2021-08-02,+1
jamescharles,2021-07-30,
jamescharles,2021-07-29,
jamescharles,2021-07-28,
jamescharles,2021-07-27,
jamescharles,2021-07-23,
jamescharles,2021-07-19,+1
jamescharles,2021-07-15,
jamescharles,2021-07-11,+1
jamescharles,2021-07-07,
jamescharles,2021-07-03,
jamescharles,2021-06-28,
jamescharles,2021-06-24,
jamescharles,2021-06-20,
jamescharles,2021-06-16,
jamescharles,2021-06-12,
jamescharles,2021-06-08,
jamescharles,2021-06-04,
jamescharles,2021-05-30,
jamescharles,2021-05-26,
jamescharles,2021-05-22,
jamescharles,2021-05-18,
jamescharles,2021-05-14,
jamescharles,2021-05-12,
jamescharles,2021-05-10,
jamescharles,2021-05-08,
jamescharles,2021-05-05,
jamescharles,2021-05-03,
jamescharles,2021-05-01,
jamescharles,2021-04-29,
jamescharles,2021-04-27,
jamescharles,2021-04-25,
jamescharles,2021-04-23,
jamescharles,2021-04-21,
jamescharles,2021-04-19,
jamescharles,2021-04-17,
jamescharles,2021-04-15,
jamescharles,2021-04-13,
jamescharles,2021-04-11,
jamescharles,2021-04-09,
jamescharles,2021-04-07,+3
jamescharles,2021-03-21,+1
jamescharles,2021-03-19,
jamescharles,2021-03-17,+1
jamescharles,2021-03-14,+1
jamescharles,2021-03-11,+1
jamescharles,2021-03-09,
jamescharles,2021-03-07,+1
jamescharles,2021-03-05,
jamescharles,2021-03-03,
jamescharles,2021-03-01,
jamescharles,2021-02-27,
jamescharles,2021-02-25,+1
jamescharles,2021-02-22,
jamescharles,2021-02-20,+1
jamescharles,2021-02-18,
jamescharles,2021-02-15,
jamescharles,2021-02-13,+2
jamescharles,2021-02-10,
jamescharles,2021-02-07,+1
jamescharles,2021-02-05,
jamescharles,2021-02-03,+1
jamescharles,2021-01-31,+1
jamescharles,2021-01-29,-1
jamescharles,2021-01-27,+1
jamescharles,2021-01-25,+1
jamescharles,2021-01-22,
jamescharles,2021-01-20,+1
jamescharles,2021-01-18,+1
jamescharles,2021-01-15,+1
jamescharles,2021-01-12,
jamescharles,2021-01-10,+1
jamescharles,2021-01-07,+1
jamescharles,2021-01-05,
jamescharles,2021-01-03,+1
jamescharles,2020-12-31,
jamescharles,2020-12-29,
jamescharles,2020-12-27,+1
jamescharles,2020-12-24,+1
jamescharles,2020-12-21,
jamescharles,2020-12-19,+1
jamescharles,2020-12-16,
jamescharles,2020-12-14,+1
jamescharles,2020-12-11,
jamescharles,2020-12-09,+2
jamescharles,2020-12-05,+1
jamescharles,2020-11-30,+1
jamescharles,2020-11-26,+1
jamescharles,2020-11-23,+1
jamescharles,2020-11-20,+2
jamescharles,2020-11-12,+1
jamescharles,2020-11-07,+1
jamescharles,2020-11-02,+1
jamescharles,2020-10-29,+2
jamescharles,2020-10-22,+1
jamescharles,2020-10-19,
jamescharles,2020-10-17,+1
jamescharles,2020-10-15,+1
jamescharles,2020-10-11,+2
jamescharles,2020-10-06,
jamescharles,2020-10-03,+1
jamescharles,2020-10-01,+1
jamescharles,2020-09-28,
jamescharles,2020-09-26,+1
jamescharles,2020-09-23,+1
jamescharles,2020-09-18,+2
jamescharles,2020-09-11,+1
jamescharles,2020-09-05,+1
jamescharles,2020-09-02,+1
jamescharles,2020-08-29,+2
jamescharles,2020-08-25,
jamescharles,2020-08-22,+1
jamescharles,2020-08-19,+2
jamescharles,2020-08-14,+1
jamescharles,2020-08-11,+2
jamescharles,2020-07-26,+1
jamescharles,2020-07-24,+1
jamescharles,2020-07-21,+1
jamescharles,2020-07-16,+1
jamescharles,2020-07-12,+1
jamescharles,2020-07-10,+1
jamescharles,2020-07-02,
jamescharles,2020-06-26,+2
jamescharles,2020-06-17,+1
jamescharles,2020-06-13,+1
jamescharles,2020-06-10,+1
jamescharles,2020-06-07,
jamescharles,2020-06-03,+1
jamescharles,2020-05-28,+1
jamescharles,2020-05-24,+1
jamescharles,2020-05-22,
jamescharles,2020-05-20,
jamescharles,2020-05-18,
jamescharles,2020-05-16,
loren,2021-12-26,
loren,2021-12-25,+2
loren,2021-11-07,
loren,2021-10-30,
loren,2021-10-20,
loren,2021-10-19,
loren,2021-10-16,
loren,2021-10-15,
loren,2021-10-13,
loren,2021-10-08,+1
loren,2021-09-16,
loren,2021-08-29,
loren,2021-08-27,
loren,2021-08-23,
loren,2021-08-14,
loren,2021-08-11,
loren,2021-08-08,
loren,2021-08-03,
loren,2021-07-31,
loren,2021-07-30,
loren,2021-07-25,
billieeilish,2021-12-30,
billieeilish,2021-12-29,
billieeilish,2021-12-28,
billieeilish,2021-12-27,
billieeilish,2021-12-26,
billieeilish,2021-12-25,
billieeilish,2021-12-22,
billieeilish,2021-12-21,+1
billieeilish,2021-12-20,
billieeilish,2021-12-18,
billieeilish,2021-12-17,
billieeilish,2021-12-16,
billieeilish,2021-12-14,
billieeilish,2021-12-12,
billieeilish,2021-12-11,
billieeilish,2021-12-10,
billieeilish,2021-12-09,
billieeilish,2021-12-08,
billieeilish,2021-12-07,
billieeilish,2021-12-06,
billieeilish,2021-11-17,
billieeilish,2021-11-15,
billieeilish,2021-11-14,
billieeilish,2021-11-12,
billieeilish,2021-11-11,
billieeilish,2021-11-10,
billieeilish,2021-11-08,
billieeilish,2021-11-07,
billieeilish,2021-11-05,
billieeilish,2021-11-04,
billieeilish,2021-11-03,
billieeilish,2021-11-02,
billieeilish,2021-11-01,
billieeilish,2021-10-31,
billieeilish,2021-10-30,
billieeilish,2021-10-28,
billieeilish,2021-10-27,
billieeilish,2021-10-26,
billieeilish,2021-10-25,
billieeilish,2021-10-24,
billieeilish,2021-10-23,
billieeilish,2021-10-21,
billieeilish,2021-10-20,
billieeilish,2021-10-19,+1
billieeilish,2021-10-18,
billieeilish,2021-10-17,
billieeilish,2021-10-16,+1
billieeilish,2021-10-15,
billieeilish,2021-10-13,
billieeilish,2021-10-12,
billieeilish,2021-10-11,
billieeilish,2021-10-10,
billieeilish,2021-10-08,
billieeilish,2021-10-07,
billieeilish,2021-10-05,
billieeilish,2021-10-04,
billieeilish,2021-10-03,
billieeilish,2021-10-02,
billieeilish,2021-09-30,
billieeilish,2021-09-29,+1
billieeilish,2021-09-27,
billieeilish,2021-09-26,
billieeilish,2021-09-25,
billieeilish,2021-09-23,
billieeilish,2021-09-22,
billieeilish,2021-09-21,
billieeilish,2021-09-19,
billieeilish,2021-09-18,
billieeilish,2021-09-17,
billieeilish,2021-09-16,
billieeilish,2021-09-14,
billieeilish,2021-09-13,
billieeilish,2021-09-12,
billieeilish,2021-09-10,
billieeilish,2021-09-08,
billieeilish,2021-09-07,
billieeilish,2021-09-06,
billieeilish,2021-09-05,
billieeilish,2021-09-04,
billieeilish,2021-09-03,
billieeilish,2021-09-02,
billieeilish,2021-09-01,
billieeilish,2021-08-30,
billieeilish,2021-08-29,
billieeilish,2021-08-28,
billieeilish,2021-08-27,
billieeilish,2021-08-26,
billieeilish,2021-08-25,+1
billieeilish,2021-08-24,
billieeilish,2021-08-23,
billieeilish,2021-08-22,
billieeilish,2021-08-21,
billieeilish,2021-08-20,
billieeilish,2021-08-19,
billieeilish,2021-08-17,
billieeilish,2021-08-16,
billieeilish,2021-08-15,
billieeilish,2021-08-14,
billieeilish,2021-08-13,
billieeilish,2021-08-12,+1
billieeilish,2021-08-11,
billieeilish,2021-08-09,
billieeilish,2021-08-08,+1
billieeilish,2021-08-06,
billieeilish,2021-08-04,
billieeilish,2021-07-30,
billieeilish,2021-07-29,
billieeilish,2021-07-26,
billieeilish,2021-07-22,
billieeilish,2021-07-16,
billieeilish,2021-07-12,
billieeilish,2021-07-08,
billieeilish,2021-07-03,
billieeilish,2021-06-26,
billieeilish,2021-06-22,+1
billieeilish,2021-06-18,
billieeilish,2021-06-12,
billieeilish,2021-06-08,
kyliejenner,2021-12-31,
kyliejenner,2021-12-30,
kyliejenner,2021-12-29,
kyliejenner,2021-12-28,
kyliejenner,2021-12-27,
kyliejenner,2021-12-26,
kyliejenner,2021-12-25,
kyliejenner,2021-12-24,
kyliejenner,2021-12-23,
kyliejenner,2021-12-22,
kyliejenner,2021-12-20,
kyliejenner,2021-12-19,
kyliejenner,2021-12-18,
kyliejenner,2021-12-17,
kyliejenner,2021-12-15,
kyliejenner,2021-12-14,
kyliejenner,2021-12-13,
kyliejenner,2021-12-12,
kyliejenner,2021-12-10,
kyliejenner,2021-12-09,
kyliejenner,2021-12-08,
kyliejenner,2021-12-07,
kyliejenner,2021-12-05,
kyliejenner,2021-11-16,
kyliejenner,2021-11-15,
kyliejenner,2021-11-14,
kyliejenner,2021-11-13,
kyliejenner,2021-11-12,
kyliejenner,2021-11-10,
kyliejenner,2021-11-09,
kyliejenner,2021-11-08,
kyliejenner,2021-11-07,
kyliejenner,2021-11-06,
kyliejenner,2021-11-05,
kyliejenner,2021-11-04,
kyliejenner,2021-11-02,
kyliejenner,2021-11-01,
kyliejenner,2021-10-31,
kyliejenner,2021-10-30,
kyliejenner,2021-10-28,
kyliejenner,2021-10-27,
kyliejenner,2021-10-26,
kyliejenner,2021-10-24,
kyliejenner,2021-10-22,
kyliejenner,2021-10-21,
kyliejenner,2021-10-19,
kyliejenner,2021-10-18,
kyliejenner,2021-10-17,
kyliejenner,2021-10-15,
kyliejenner,2021-10-14,
kyliejenner,2021-10-13,
kyliejenner,2021-10-12,
kyliejenner,2021-10-10,
kyliejenner,2021-10-09,
kyliejenner,2021-10-07,
kyliejenner,2021-10-06,
kyliejenner,2021-10-05,
kyliejenner,2021-10-04,
kyliejenner,2021-10-02,
kyliejenner,2021-10-01,
kyliejenner,2021-09-30,
kyliejenner,2021-09-28,
kyliejenner,2021-09-27,
kyliejenner,2021-09-26,
kyliejenner,2021-09-25,+1
kyliejenner,2021-09-24,+4
kyliejenner,2021-09-23,
kyliejenner,2021-09-22,
kyliejenner,2021-09-20,
kyliejenner,2021-09-19,
kyliejenner,2021-09-18,
kyliejenner,2021-09-17,
kyliejenner,2021-09-16,
kyliejenner,2021-09-14,
kyliejenner,2021-09-13,
kyliejenner,2021-09-12,
kyliejenner,2021-09-10,
kyliejenner,2021-09-09,
kyliejenner,2021-09-08,
kyliejenner,2021-09-07,
kyliejenner,2021-09-06,
kyliejenner,2021-09-05,
kyliejenner,2021-09-04,
kyliejenner,2021-09-03,
kyliejenner,2021-09-01,
kyliejenner,2021-08-31,
kyliejenner,2021-08-29,
kyliejenner,2021-08-28,
kyliejenner,2021-08-27,
kyliejenner,2021-08-26,
kyliejenner,2021-08-25,
kyliejenner,2021-08-24,
kyliejenner,2021-08-23,
kyliejenner,2021-08-22,
kyliejenner,2021-08-20,
kyliejenner,2021-08-19,
kyliejenner,2021-08-18,
kyliejenner,2021-08-17,
kyliejenner,2021-08-16,
kyliejenner,2021-08-15,
kyliejenner,2021-08-13,
kyliejenner,2021-08-12,
kyliejenner,2021-08-11,
kyliejenner,2021-08-10,
kyliejenner,2021-08-08,
kyliejenner,2021-08-07,+1
kyliejenner,2021-08-06,
kyliejenner,2021-08-03,
kyliejenner,2021-08-01,
kyliejenner,2021-07-30,
kyliejenner,2021-07-29,
kyliejenner,2021-07-24,
kyliejenner,2021-07-19,+1
kyliejenner,2021-07-15,+1
kyliejenner,2021-07-10,+1
kyliejenner,2021-07-06,
kyliejenner,2021-07-02,
kyliejenner,2021-06-27,
kyliejenner,2021-06-23,
kyliejenner,2021-06-19,
kyliejenner,2021-06-15,
kyliejenner,2021-06-11,
kyliejenner,2021-06-06,
kyliejenner,2021-05-31,
kyliejenner,2021-05-22,
kyliejenner,2021-05-18,
kyliejenner,2021-05-13,
kyliejenner,2021-05-11,
kyliejenner,2021-05-08,
kyliejenner,2021-05-06,
kyliejenner,2021-05-04,
kyliejenner,2021-05-02,
kyliejenner,2021-04-29,
kyliejenner,2021-04-27,
kyliejenner,2021-04-24,
kyliejenner,2021-04-22,
kyliejenner,2021-04-20,
kyliejenner,2021-04-18,
kyliejenner,2021-04-16,
kyliejenner,2021-04-13,
kyliejenner,2021-04-09,
kyliejenner,2021-04-07,
kyliejenner,2021-03-22,
kyliejenner,2021-03-20,+1
kyliejenner,2021-03-17,
kyliejenner,2021-03-14,
kyliejenner,2021-03-12,
kyliejenner,2021-03-10,
kyliejenner,2021-03-08,
kyliejenner,2021-03-05,
kyliejenner,2021-03-03,
kyliejenner,2021-02-28,+1
kyliejenner,2021-02-26,
kyliejenner,2021-02-23,
kyliejenner,2021-02-20,
kyliejenner,2021-02-17,
kyliejenner,2021-02-13,
kyliejenner,2021-02-10,
kyliejenner,2021-02-06,
kyliejenner,2021-02-04,
kyliejenner,2021-02-01,
kyliejenner,2021-01-29,
kyliejenner,2021-01-26,
kyliejenner,2021-01-22,
kyliejenner,2021-01-20,
kyliejenner,2021-01-18,
kyliejenner,2021-01-15,
kyliejenner,2021-01-13,
kyliejenner,2021-01-11,
kyliejenner,2021-01-08,
kyliejenner,2021-01-06,
kyliejenner,2021-01-03,
kyliejenner,2020-12-31,
kyliejenner,2020-12-29,
kyliejenner,2020-12-27,+1
kyliejenner,2020-12-24,
kyliejenner,2020-12-22,
kyliejenner,2020-12-19,
kyliejenner,2020-12-17,
kyliejenner,2020-12-15,
kyliejenner,2020-12-13,
kyliejenner,2020-12-10,
kyliejenner,2020-12-06,
kyliejenner,2020-11-30,
kyliejenner,2020-11-26,
kyliejenner,2020-11-22,+1
kyliejenner,2020-11-19,+1
kyliejenner,2020-11-16,+1
kyliejenner,2020-11-07,
kyliejenner,2020-10-31,
kyliejenner,2020-10-26,
kyliejenner,2020-10-24,+1
kyliejenner,2020-10-14,+1
kyliejenner,2020-10-11,
kyliejenner,2020-10-09,
kyliejenner,2020-10-06,+1
kyliejenner,2020-10-03,
kyliejenner,2020-09-30,
kyliejenner,2020-09-27,
selenagomez,2021-12-31,
selenagomez,2021-12-30,
selenagomez,2021-12-28,
selenagomez,2021-12-27,
selenagomez,2021-12-26,
selenagomez,2021-12-25,
selenagomez,2021-12-24,
selenagomez,2021-12-22,
selenagomez,2021-12-21,
selenagomez,2021-12-19,
selenagomez,2021-12-17,
selenagomez,2021-12-14,
selenagomez,2021-12-13,
selenagomez,2021-12-12,
selenagomez,2021-12-10,
selenagomez,2021-12-09,
selenagomez,2021-12-08,
selenagomez,2021-12-07,
selenagomez,2021-12-06,
selenagomez,2021-11-16,
selenagomez,2021-11-15,
selenagomez,2021-11-13,
selenagomez,2021-11-12,
selenagomez,2021-11-11,
selenagomez,2021-11-09,
selenagomez,2021-11-07,
selenagomez,2021-11-06,
selenagomez,2021-11-04,
selenagomez,2021-11-02,
selenagomez,2021-10-31,
selenagomez,2021-10-29,
selenagomez,2021-10-27,
selenagomez,2021-10-25,
selenagomez,2021-10-24,
selenagomez,2021-10-23,
selenagomez,2021-10-22,
selenagomez,2021-10-21,
selenagomez,2021-10-20,
selenagomez,2021-10-18,
selenagomez,2021-10-16,
selenagomez,2021-10-13,
selenagomez,2021-10-12,
selenagomez,2021-10-11,
selenagomez,2021-10-08,
selenagomez,2021-10-07,
selenagomez,2021-10-05,
selenagomez,2021-10-04,
selenagomez,2021-10-02,
selenagomez,2021-09-30,
selenagomez,2021-09-28,
selenagomez,2021-09-27,
selenagomez,2021-09-24,
selenagomez,2021-09-21,
selenagomez,2021-09-20,
selenagomez,2021-09-19,
selenagomez,2021-09-18,
selenagomez,2021-09-17,
selenagomez,2021-09-16,+1
selenagomez,2021-09-15,
selenagomez,2021-09-13,
selenagomez,2021-09-12,
selenagomez,2021-09-10,
selenagomez,2021-09-09,
selenagomez,2021-09-08,
selenagomez,2021-09-05,
selenagomez,2021-09-04,
selenagomez,2021-09-03,
selenagomez,2021-09-01,
selenagomez,2021-08-29,
selenagomez,2021-08-28,
selenagomez,2021-08-24,
selenagomez,2021-08-23,
selenagomez,2021-08-21,
selenagomez,2021-08-20,
selenagomez,2021-08-19,
selenagomez,2021-08-17,
selenagomez,2021-08-16,
selenagomez,2021-08-11,
selenagomez,2021-08-10,
selenagomez,2021-08-08,
selenagomez,2021-08-03,
selenagomez,2021-08-01,
selenagomez,2021-07-30,
selenagomez,2021-07-29,
selenagomez,2021-07-24,
selenagomez,2021-07-19,
selenagomez,2021-07-15,
selenagomez,2021-07-10,
selenagomez,2021-07-05,
selenagomez,2021-06-28,
selenagomez,2021-06-22,
selenagomez,2021-06-17,
selenagomez,2021-06-12,
selenagomez,2021-06-08,
taylorswift,2021-12-31,
taylorswift,2021-12-30,
taylorswift,2021-12-29,
taylorswift,2021-12-28,
taylorswift,2021-12-26,
taylorswift,2021-12-25,
taylorswift,2021-12-24,
taylorswift,2021-12-23,
taylorswift,2021-12-21,
taylorswift,2021-12-20,
taylorswift,2021-12-19,
taylorswift,2021-12-18,
taylorswift,2021-12-17,
taylorswift,2021-12-16,
taylorswift,2021-12-14,
taylorswift,2021-12-13,
taylorswift,2021-12-12,
taylorswift,2021-12-11,
taylorswift,2021-12-10,
taylorswift,2021-12-09,
taylorswift,2021-12-08,
taylorswift,2021-12-07,
taylorswift,2021-12-05,
taylorswift,2021-11-16,
taylorswift,2021-11-15,
taylorswift,2021-11-14,
taylorswift,2021-11-13,
taylorswift,2021-11-12,
taylorswift,2021-11-11,
taylorswift,2021-11-10,
taylorswift,2021-11-09,
taylorswift,2021-11-08,
taylorswift,2021-11-06,+1
taylorswift,2021-11-05,
taylorswift,2021-11-03,
taylorswift,2021-11-02,
taylorswift,2021-11-01,
taylorswift,2021-10-31,
taylorswift,2021-10-30,
taylorswift,2021-10-28,
taylorswift,2021-10-27,
taylorswift,2021-10-25,
taylorswift,2021-10-24,
taylorswift,2021-10-23,
taylorswift,2021-10-22,
taylorswift,2021-10-20,
taylorswift,2021-10-19,
taylorswift,2021-10-18,
taylorswift,2021-10-16,
taylorswift,2021-10-15,
taylorswift,2021-10-14,
taylorswift,2021-10-12,
taylorswift,2021-10-11,
taylorswift,2021-10-10,
taylorswift,2021-10-09,
taylorswift,2021-10-08,
taylorswift,2021-10-06,
taylorswift,2021-10-05,
taylorswift,2021-10-04,
taylorswift,2021-10-03,
taylorswift,2021-10-02,
taylorswift,2021-10-01,
taylorswift,2021-09-30,
taylorswift,2021-09-29,
taylorswift,2021-09-28,
taylorswift,2021-09-26,
taylorswift,2021-09-25,
taylorswift,2021-09-23,
taylorswift,2021-09-22,
taylorswift,2021-09-21,
taylorswift,2021-09-20,
taylorswift,2021-09-19,
taylorswift,2021-09-18,
taylorswift,2021-09-16,
taylorswift,2021-09-15,
taylorswift,2021-09-13,
taylorswift,2021-09-12,
taylorswift,2021-09-11,
taylorswift,2021-09-10,
taylorswift,2021-09-09,
taylorswift,2021-09-08,
taylorswift,2021-09-07,
taylorswift,2021-09-05,
taylorswift,2021-09-04,
taylorswift,2021-09-03,
taylorswift,2021-09-02,
taylorswift,2021-09-01,
taylorswift,2021-08-31,
taylorswift,2021-08-30,
taylorswift,2021-08-28,
taylorswift,2021-08-27,
taylorswift,2021-08-26,
taylorswift,2021-08-24,
taylorswift,2021-08-23,
taylorswift,2021-08-22,
taylorswift,2021-08-21,
taylorswift,2021-08-20,
taylorswift,2021-08-18,
taylorswift,2021-08-17,
taylorswift,2021-08-16,
taylorswift,2021-08-15,
taylorswift,2021-08-13,
taylorswift,2021-08-12,
taylorswift,2021-08-11,
taylorswift,2021-08-10,
taylorswift,2021-08-09,
taylorswift,2021-08-07,
taylorswift,2021-08-06,
taylorswift,2021-08-05,
taylorswift,2021-08-03,
taylorswift,2021-08-02,
taylorswift,2021-07-30,
taylorswift,2021-07-29,
taylorswift,2021-07-28,
taylorswift,2021-07-27,
taylorswift,2021-07-26,
taylorswift,2021-07-22,
taylorswift,2021-07-18,
taylorswift,2021-07-12,
taylorswift,2021-07-07,
taylorswift,2021-07-03,
taylorswift,2021-06-29,
taylorswift,2021-06-25,
taylorswift,2021-06-20,
taylorswift,2021-06-16,
taylorswift,2021-06-11,
taylorswift,2021-06-07,
taylorswift,2021-06-02,
taylorswift,2021-05-27,
taylorswift,2021-05-23,
taylorswift,2021-05-18,
taylorswift,2021-05-12,
taylorswift,2021-05-10,
taylorswift,2021-05-08,
taylorswift,2021-05-06,
taylorswift,2021-05-04,
taylorswift,2021-05-01,
taylorswift,2021-04-29,
taylorswift,2021-04-27,
taylorswift,2021-04-24,
taylorswift,2021-04-22,
taylorswift,2021-04-20,
taylorswift,2021-04-18,
taylorswift,2021-04-15,
taylorswift,2021-04-13,
taylorswift,2021-04-11,
taylorswift,2021-04-09,
taylorswift,2021-03-20,
taylorswift,2021-03-18,
taylorswift,2021-03-16,
taylorswift,2021-03-13,
taylorswift,2021-03-11,
taylorswift,2021-03-09,
taylorswift,2021-03-07,
taylorswift,2021-03-04,
taylorswift,2021-03-02,
taylorswift,2021-02-27,
taylorswift,2021-02-25,
taylorswift,2021-02-21,
taylorswift,2021-02-19,
taylorswift,2021-02-17,
taylorswift,2021-02-15,
taylorswift,2021-02-13,
taylorswift,2021-02-09,
taylorswift,2021-02-07,
taylorswift,2021-02-05,
taylorswift,2021-02-03,
taylorswift,2021-01-31,
taylorswift,2021-01-29,
taylorswift,2021-01-27,
taylorswift,2021-01-24,
taylorswift,2021-01-22,
taylorswift,2021-01-20,
taylorswift,2021-01-17,
taylorswift,2021-01-15,
taylorswift,2021-01-13,
taylorswift,2021-01-11,
taylorswift,2021-01-08,
taylorswift,2021-01-06,
taylorswift,2021-01-04,
taylorswift,2021-01-02,
taylorswift,2020-12-30,
taylorswift,2020-12-28,
taylorswift,2020-12-26,
taylorswift,2020-12-23,
taylorswift,2020-12-21,
taylorswift,2020-12-19,+4
taylorswift,2020-12-17,+4
taylorswift,2020-12-14,
taylorswift,2020-12-12,
taylorswift,2020-12-10,
taylorswift,2020-12-08,
taylorswift,2020-12-06,
taylorswift,2020-12-03,
taylorswift,2020-11-30,
taylorswift,2020-11-28,
taylorswift,2020-11-26,+1
taylorswift,2020-11-24,
taylorswift,2020-11-22,
taylorswift,2020-11-19,
taylorswift,2020-11-17,
taylorswift,2020-11-15,
taylorswift,2020-11-13,
taylorswift,2020-11-10,
taylorswift,2020-11-08,
taylorswift,2020-11-06,
taylorswift,2020-11-04,
taylorswift,2020-11-01,
taylorswift,2020-10-30,
taylorswift,2020-10-27,
taylorswift,2020-10-25,
taylorswift,2020-10-23,-1
taylorswift,2020-10-21,
taylorswift,2020-10-19,
taylorswift,2020-10-17,
taylorswift,2020-10-15,
taylorswift,2020-10-12,
taylorswift,2020-10-09,
taylorswift,2020-10-06,
taylorswift,2020-10-04,
taylorswift,2020-10-01,
taylorswift,2020-09-28,
taylorswift,2020-09-26,
taylorswift,2020-09-23,
taylorswift,2020-09-21,
taylorswift,2020-09-17,
taylorswift,2020-09-15,
taylorswift,2020-09-12,
taylorswift,2020-09-10,
taylorswift,2020-09-07,
taylorswift,2020-08-31,
taylorswift,2020-08-24,
taylorswift,2020-08-22,
taylorswift,2020-08-19,
taylorswift,2020-08-16,
taylorswift,2020-08-13,
taylorswift,2020-08-10,
,2022-04-13,
,2022-04-11,+1
,2022-04-09,
,2022-04-07,
,2022-04-06,
,2022-04-05,+1
,2022-04-03,+1
,2022-03-30,
,2022-03-29,
,2022-03-27,+1
,2022-03-21,+1
,2022-03-18,
,2022-03-16,
,2022-03-13,
,2022-03-12,
shawnmendes,2021-12-31,
shawnmendes,2021-12-30,
shawnmendes,2021-12-28,
shawnmendes,2021-12-27,
shawnmendes,2021-12-25,
shawnmendes,2021-12-24,
shawnmendes,2021-12-22,
shawnmendes,2021-12-21,
shawnmendes,2021-12-19,
shawnmendes,2021-12-17,
shawnmendes,2021-12-13,
shawnmendes,2021-12-12,
shawnmendes,2021-12-06,+1
shawnmendes,2021-11-09,
shawnmendes,2021-11-08,
shawnmendes,2021-11-07,
shawnmendes,2021-11-05,
shawnmendes,2021-11-03,
shawnmendes,2021-11-02,
shawnmendes,2021-10-29,
shawnmendes,2021-10-22,
shawnmendes,2021-10-20,
shawnmendes,2021-10-16,
shawnmendes,2021-10-12,
shawnmendes,2021-10-07,
shawnmendes,2021-10-06,
shawnmendes,2021-10-04,
shawnmendes,2021-10-03,
shawnmendes,2021-10-01,
shawnmendes,2021-09-28,
shawnmendes,2021-09-27,
shawnmendes,2021-09-24,
shawnmendes,2021-09-22,+1
shawnmendes,2021-09-20,
shawnmendes,2021-09-19,
shawnmendes,2021-09-17,
shawnmendes,2021-09-13,
shawnmendes,2021-09-10,
shawnmendes,2021-09-07,
shawnmendes,2021-09-04,+1
shawnmendes,2021-08-30,
shawnmendes,2021-08-29,+1
shawnmendes,2021-08-26,
shawnmendes,2021-08-25,
shawnmendes,2021-08-24,
shawnmendes,2021-08-22,+1
shawnmendes,2021-08-19,+1
shawnmendes,2021-08-16,
shawnmendes,2021-08-13,
shawnmendes,2021-08-09,
shawnmendes,2021-08-07,
shawnmendes,2021-08-05,
shawnmendes,2021-08-03,
shawnmendes,2021-08-02,
shawnmendes,2021-07-31,
shawnmendes,2021-07-24,
shawnmendes,2021-07-23,
shawnmendes,2021-07-18,
shawnmendes,2021-07-13,
shawnmendes,2021-07-08,
shawnmendes,2021-06-30,
shawnmendes,2021-06-25,
avani,2021-12-30,+1
avani,2021-12-13,+5
avani,2021-11-02,
avani,2021-10-29,
avani,2021-10-04,
oliviarodrigomusic,2022-04-13,
oliviarodrigomusic,2022-04-12,
oliviarodrigomusic,2022-04-11,
oliviarodrigomusic,2022-04-10,
oliviarodrigomusic,2022-04-08,
oliviarodrigomusic,2022-04-06,
oliviarodrigomusic,2022-04-04,
oliviarodrigomusic,2022-04-02,
oliviarodrigomusic,2022-04-01,
oliviarodrigomusic,2022-03-30,
oliviarodrigomusic,2022-03-28,
oliviarodrigomusic,2022-03-27,
oliviarodrigomusic,2022-03-25,
oliviarodrigomusic,2022-03-23,
oliviarodrigomusic,2022-03-21,
babyariel,2021-12-28,
babyariel,2021-12-21,
babyariel,2021-12-18,
babyariel,2021-12-17,
babyariel,2021-12-15,
babyariel,2021-12-14,
babyariel,2021-12-12,
babyariel,2021-12-11,
babyariel,2021-12-07,
babyariel,2021-11-14,
babyariel,2021-11-11,
babyariel,2021-11-09,
babyariel,2021-11-07,
babyariel,2021-11-04,
babyariel,2021-11-02,
babyariel,2021-11-01,
babyariel,2021-10-31,
babyariel,2021-10-29,
babyariel,2021-10-28,
babyariel,2021-10-26,
babyariel,2021-10-23,
babyariel,2021-10-17,
babyariel,2021-10-15,
babyariel,2021-10-13,
babyariel,2021-10-12,
babyariel,2021-10-10,
babyariel,2021-10-09,
babyariel,2021-10-05,
babyariel,2021-10-02,
babyariel,2021-09-30,
babyariel,2021-09-29,
babyariel,2021-09-22,+1
babyariel,2021-09-19,
babyariel,2021-09-17,
babyariel,2021-09-14,
babyariel,2021-09-09,
babyariel,2021-09-02,
babyariel,2021-08-22,
babyariel,2021-07-31,+6
babyariel,2021-07-07,
babyariel,2021-07-02,
babyariel,2021-06-14,
babyariel,2021-06-09,
babyariel,2021-05-20,
nickiminaj,2021-12-31,
nickiminaj,2021-12-30,
nickiminaj,2021-12-29,
nickiminaj,2021-12-25,
nickiminaj,2021-12-22,
nickiminaj,2021-12-21,
nickiminaj,2021-12-20,
nickiminaj,2021-12-19,
nickiminaj,2021-12-18,
nickiminaj,2021-12-17,
nickiminaj,2021-12-16,
nickiminaj,2021-12-14,
nickiminaj,2021-12-12,
nickiminaj,2021-12-11,
nickiminaj,2021-12-10,
nickiminaj,2021-12-08,
nickiminaj,2021-12-07,
nickiminaj,2021-12-06,
nickiminaj,2021-11-16,
nickiminaj,2021-11-15,
nickiminaj,2021-11-14,
nickiminaj,2021-11-13,
nickiminaj,2021-11-11,
nickiminaj,2021-11-10,
nickiminaj,2021-11-09,
nickiminaj,2021-11-08,
nickiminaj,2021-11-06,
nickiminaj,2021-11-05,
nickiminaj,2021-11-03,
nickiminaj,2021-11-02,
nickiminaj,2021-10-31,
nickiminaj,2021-10-30,
nickiminaj,2021-10-29,
nickiminaj,2021-10-27,
nickiminaj,2021-10-25,
nickiminaj,2021-10-22,
nickiminaj,2021-10-20,
nickiminaj,2021-10-18,
nickiminaj,2021-10-17,
nickiminaj,2021-10-14,
nickiminaj,2021-10-13,
nickiminaj,2021-10-12,
nickiminaj,2021-10-10,
nickiminaj,2021-10-08,
nickiminaj,2021-10-06,
nickiminaj,2021-10-04,
nickiminaj,2021-10-02,
nickiminaj,2021-10-01,
nickiminaj,2021-09-30,
nickiminaj,2021-09-28,
nickiminaj,2021-09-26,
nickiminaj,2021-09-22,
nickiminaj,2021-09-21,
nickiminaj,2021-09-20,
nickiminaj,2021-09-19,
nickiminaj,2021-09-17,
nickiminaj,2021-09-13,
nickiminaj,2021-09-12,
nickiminaj,2021-09-11,
nickiminaj,2021-09-09,
nickiminaj,2021-09-08,
nickiminaj,2021-09-07,-1
nickiminaj,2021-09-03,
nickiminaj,2021-09-01,
nickiminaj,2021-08-29,
nickiminaj,2021-08-26,
nickiminaj,2021-08-25,
nickiminaj,2021-08-24,
nickiminaj,2021-08-23,
nickiminaj,2021-08-22,
nickiminaj,2021-08-21,
nickiminaj,2021-08-18,
nickiminaj,2021-08-17,
nickiminaj,2021-08-16,
nickiminaj,2021-08-14,
nickiminaj,2021-08-13,
nickiminaj,2021-08-09,
nickiminaj,2021-08-05,
nickiminaj,2021-08-03,
nickiminaj,2021-07-31,
nickiminaj,2021-07-26,
nickiminaj,2021-07-21,
nickiminaj,2021-07-16,
nickiminaj,2021-07-07,
nickiminaj,2021-06-30,
nickiminaj,2021-06-25,
nickiminaj,2021-06-19,
nickiminaj,2021-06-08,
joshrichards,2021-12-22,+1
joshrichards,2021-12-16,+1
joshrichards,2021-12-15,+1
joshrichards,2021-12-13,+1
joshrichards,2021-12-06,+3
joshrichards,2021-11-15,+1
joshrichards,2021-11-11,+1
joshrichards,2021-11-10,+1
joshrichards,2021-11-08,+1
joshrichards,2021-11-03,+1
joshrichards,2021-10-29,
joshrichards,2021-10-24,+1
joshrichards,2021-10-11,
joshrichards,2021-10-08,
joshrichards,2021-10-03,
joshrichards,2021-10-01,
joshrichards,2021-09-18,
joshrichards,2021-09-10,+1
joshrichards,2021-08-25,+1
joshrichards,2021-08-15,+3
joshrichards,2021-07-29,
joshrichards,2021-07-22,
joshrichards,2021-07-16,+1
joshrichards,2021-07-10,
joshrichards,2021-07-06,
joshrichards,2021-07-02,+1
joshrichards,2021-06-27,
joshrichards,2021-06-22,
joshrichards,2021-06-16,+2
joshrichards,2021-06-08,
joshrichards,2021-05-18,
noahbeck,2021-10-31,+1
noahbeck,2021-10-22,
noahbeck,2021-10-05,
noahbeck,2021-09-27,
jakepaul,2021-12-30,
jakepaul,2021-12-29,
jakepaul,2021-12-28,
jakepaul,2021-12-26,
jakepaul,2021-12-24,
jakepaul,2021-12-23,
jakepaul,2021-12-22,
jakepaul,2021-12-21,
jakepaul,2021-12-20,
jakepaul,2021-12-19,+2
jakepaul,2021-12-18,+2
jakepaul,2021-12-17,+4
jakepaul,2021-12-16,+1
jakepaul,2021-12-15,+1
jakepaul,2021-12-14,
jakepaul,2021-12-12,
jakepaul,2021-12-11,
jakepaul,2021-12-09,
jakepaul,2021-12-08,
jakepaul,2021-12-07,
jakepaul,2021-12-06,+2
jakepaul,2021-11-15,
jakepaul,2021-11-14,
jakepaul,2021-11-13,
jakepaul,2021-11-11,
jakepaul,2021-11-09,
jakepaul,2021-11-08,
jakepaul,2021-11-06,
jakepaul,2021-11-05,
jakepaul,2021-11-04,
jakepaul,2021-11-03,
jakepaul,2021-11-02,
jakepaul,2021-11-01,
jakepaul,2021-10-31,
jakepaul,2021-10-30,+1
jakepaul,2021-10-28,
jakepaul,2021-10-26,
jakepaul,2021-10-24,
jakepaul,2021-10-23,
jakepaul,2021-10-21,
jakepaul,2021-10-19,
jakepaul,2021-10-17,
jakepaul,2021-10-15,
jakepaul,2021-10-14,
jakepaul,2021-10-13,
jakepaul,2021-10-11,
jakepaul,2021-10-10,
jakepaul,2021-10-08,-1
jakepaul,2021-10-06,
jakepaul,2021-10-05,
jakepaul,2021-10-04,
jakepaul,2021-10-03,
jakepaul,2021-10-01,
jakepaul,2021-09-29,+1
jakepaul,2021-09-27,
jakepaul,2021-09-26,
jakepaul,2021-09-25,
jakepaul,2021-09-24,
jakepaul,2021-09-22,
jakepaul,2021-09-20,
jakepaul,2021-09-18,
jakepaul,2021-09-16,
jakepaul,2021-09-15,
jakepaul,2021-09-13,
jakepaul,2021-09-12,
jakepaul,2021-09-10,
jakepaul,2021-09-08,
jakepaul,2021-09-07,
jakepaul,2021-09-06,+1
jakepaul,2021-09-05,
jakepaul,2021-08-30,+5
jakepaul,2021-08-27,+3
jakepaul,2021-08-24,
jakepaul,2021-08-22,
jakepaul,2021-08-19,
jakepaul,2021-08-17,+1
jakepaul,2021-08-16,
jakepaul,2021-08-15,
jakepaul,2021-08-14,+1
jakepaul,2021-08-09,
jakepaul,2021-08-07,
jakepaul,2021-08-06,+1
jakepaul,2021-08-03,
jakepaul,2021-08-01,
jakepaul,2021-07-28,
jakepaul,2021-07-24,+1
jakepaul,2021-07-19,
jakepaul,2021-07-14,+1
jakepaul,2021-07-10,
jakepaul,2021-07-06,
jakepaul,2021-06-30,+1
jakepaul,2021-06-22,
jakepaul,2021-06-19,
jakepaul,2021-06-15,
jakepaul,2021-06-10,+2
jakepaul,2021-05-29,
jakepaul,2021-05-25,
jakepaul,2021-05-18,
brentrivera,2021-12-31,
brentrivera,2021-12-30,
brentrivera,2021-12-29,
brentrivera,2021-12-28,
brentrivera,2021-12-27,
brentrivera,2021-12-26,+1
brentrivera,2021-12-25,
brentrivera,2021-12-24,
brentrivera,2021-12-22,
brentrivera,2021-12-21,
brentrivera,2021-12-20,+1
brentrivera,2021-12-19,
brentrivera,2021-12-18,
brentrivera,2021-12-17,
brentrivera,2021-12-14,
brentrivera,2021-12-13,+1
brentrivera,2021-12-12,
brentrivera,2021-12-11,
brentrivera,2021-12-10,
brentrivera,2021-12-09,
brentrivera,2021-12-08,
brentrivera,2021-12-07,
brentrivera,2021-12-06,+3
brentrivera,2021-11-16,
brentrivera,2021-11-15,+1
brentrivera,2021-11-14,
brentrivera,2021-11-13,
brentrivera,2021-11-11,
brentrivera,2021-11-10,
brentrivera,2021-11-09,
brentrivera,2021-11-08,+1
brentrivera,2021-11-07,-1
brentrivera,2021-11-06,
brentrivera,2021-11-05,
brentrivera,2021-11-04,
brentrivera,2021-11-02,
brentrivera,2021-11-01,+1
brentrivera,2021-10-31,
brentrivera,2021-10-30,
brentrivera,2021-10-29,
brentrivera,2021-10-28,
brentrivera,2021-10-27,
brentrivera,2021-10-26,
brentrivera,2021-10-25,+1
brentrivera,2021-10-23,
brentrivera,2021-10-22,
brentrivera,2021-10-21,
brentrivera,2021-10-19,
brentrivera,2021-10-18,+1
brentrivera,2021-10-17,
brentrivera,2021-10-16,
brentrivera,2021-10-15,
brentrivera,2021-10-14,
brentrivera,2021-10-13,
brentrivera,2021-10-12,
brentrivera,2021-10-11,+1
brentrivera,2021-10-09,
brentrivera,2021-10-08,
brentrivera,2021-10-07,
brentrivera,2021-10-06,
brentrivera,2021-10-05,
brentrivera,2021-10-04,
brentrivera,2021-10-03,+1
brentrivera,2021-10-02,
brentrivera,2021-10-01,
brentrivera,2021-09-30,
brentrivera,2021-09-29,
brentrivera,2021-09-28,
brentrivera,2021-09-27,+1
brentrivera,2021-09-26,
brentrivera,2021-09-24,
brentrivera,2021-09-23,
brentrivera,2021-09-22,
brentrivera,2021-09-21,
brentrivera,2021-09-20,+1
brentrivera,2021-09-19,
brentrivera,2021-09-18,
brentrivera,2021-09-17,
brentrivera,2021-09-16,
brentrivera,2021-09-15,
brentrivera,2021-09-14,
brentrivera,2021-09-13,+1
brentrivera,2021-09-12,
brentrivera,2021-09-10,
brentrivera,2021-09-09,
brentrivera,2021-09-07,
brentrivera,2021-09-06,+1
brentrivera,2021-09-04,
brentrivera,2021-09-03,
brentrivera,2021-09-02,
brentrivera,2021-08-31,
brentrivera,2021-08-30,
brentrivera,2021-08-29,+1
brentrivera,2021-08-28,
brentrivera,2021-08-26,
brentrivera,2021-08-25,
brentrivera,2021-08-24,
brentrivera,2021-08-23,+1
brentrivera,2021-08-22,
brentrivera,2021-08-20,
brentrivera,2021-08-19,
brentrivera,2021-08-18,
brentrivera,2021-08-17,
brentrivera,2021-08-16,+1
brentrivera,2021-08-15,
brentrivera,2021-08-14,
brentrivera,2021-08-13,
brentrivera,2021-08-11,
brentrivera,2021-08-10,
brentrivera,2021-08-09,+1
brentrivera,2021-08-08,
brentrivera,2021-08-07,
brentrivera,2021-08-06,
brentrivera,2021-08-05,
brentrivera,2021-08-03,
brentrivera,2021-08-02,+1
brentrivera,2021-07-30,+1
brentrivera,2021-07-29,
brentrivera,2021-07-24,
brentrivera,2021-07-20,+1
brentrivera,2021-07-16,
brentrivera,2021-07-11,+1
brentrivera,2021-07-06,+1
brentrivera,2021-07-01,+1
brentrivera,2021-06-27,
brentrivera,2021-06-24,+1
brentrivera,2021-06-19,+1
brentrivera,2021-06-15,
brentrivera,2021-06-10,
brentrivera,2021-06-06,+1
brentrivera,2021-05-30,+2
brentrivera,2021-05-22,
brentrivera,2021-05-18,
daviddobrik,2021-12-31,
daviddobrik,2021-12-30,+1
daviddobrik,2021-12-29,
daviddobrik,2021-12-28,
daviddobrik,2021-12-27,
daviddobrik,2021-12-26,
daviddobrik,2021-12-25,
daviddobrik,2021-12-23,
daviddobrik,2021-12-22,
daviddobrik,2021-12-21,
daviddobrik,2021-12-20,
daviddobrik,2021-12-19,
daviddobrik,2021-12-18,
daviddobrik,2021-12-17,+34
daviddobrik,2021-12-15,
daviddobrik,2021-12-14,
daviddobrik,2021-12-13,
daviddobrik,2021-12-12,
daviddobrik,2021-12-11,
daviddobrik,2021-12-10,+1
daviddobrik,2021-12-09,
daviddobrik,2021-12-08,
daviddobrik,2021-12-07,
daviddobrik,2021-12-06,+3
daviddobrik,2021-11-16,
daviddobrik,2021-11-15,
daviddobrik,2021-11-14,
daviddobrik,2021-11-13,
daviddobrik,2021-11-12,
daviddobrik,2021-11-11,+1
daviddobrik,2021-11-09,
daviddobrik,2021-11-08,
daviddobrik,2021-11-07,
daviddobrik,2021-11-06,
daviddobrik,2021-11-05,
daviddobrik,2021-11-04,
daviddobrik,2021-11-03,
daviddobrik,2021-11-02,
daviddobrik,2021-11-01,
daviddobrik,2021-10-31,
daviddobrik,2021-10-30,
daviddobrik,2021-10-29,
daviddobrik,2021-10-28,
daviddobrik,2021-10-26,
daviddobrik,2021-10-25,
daviddobrik,2021-10-24,
daviddobrik,2021-10-23,
daviddobrik,2021-10-22,
daviddobrik,2021-10-21,
daviddobrik,2021-10-20,
daviddobrik,2021-10-19,
daviddobrik,2021-10-18,
daviddobrik,2021-10-17,
daviddobrik,2021-10-16,
daviddobrik,2021-10-15,
daviddobrik,2021-10-14,
daviddobrik,2021-10-13,
daviddobrik,2021-10-12,
daviddobrik,2021-10-11,
daviddobrik,2021-10-10,
daviddobrik,2021-10-09,
daviddobrik,2021-10-08,
daviddobrik,2021-10-07,
daviddobrik,2021-10-06,
daviddobrik,2021-10-05,
daviddobrik,2021-10-04,
daviddobrik,2021-10-03,
daviddobrik,2021-10-02,
daviddobrik,2021-10-01,+1
daviddobrik,2021-09-30,
daviddobrik,2021-09-29,
daviddobrik,2021-09-28,
daviddobrik,2021-09-27,
daviddobrik,2021-09-26,
daviddobrik,2021-09-25,
daviddobrik,2021-09-23,
daviddobrik,2021-09-22,
daviddobrik,2021-09-21,
daviddobrik,2021-09-20,
daviddobrik,2021-09-19,
daviddobrik,2021-09-18,
daviddobrik,2021-09-17,
daviddobrik,2021-09-16,
daviddobrik,2021-09-15,
daviddobrik,2021-09-14,
daviddobrik,2021-09-13,
daviddobrik,2021-09-12,
daviddobrik,2021-09-11,
daviddobrik,2021-09-10,
daviddobrik,2021-09-09,
daviddobrik,2021-09-08,+1
daviddobrik,2021-09-07,
daviddobrik,2021-09-05,
daviddobrik,2021-09-04,
daviddobrik,2021-09-03,
daviddobrik,2021-09-02,
daviddobrik,2021-09-01,+1
daviddobrik,2021-08-31,
daviddobrik,2021-08-30,
daviddobrik,2021-08-29,
daviddobrik,2021-08-28,
daviddobrik,2021-08-27,+1
daviddobrik,2021-08-26,
daviddobrik,2021-08-25,
daviddobrik,2021-08-24,
daviddobrik,2021-08-23,
daviddobrik,2021-08-22,
daviddobrik,2021-08-21,
daviddobrik,2021-08-19,+1
daviddobrik,2021-08-17,
daviddobrik,2021-08-16,
daviddobrik,2021-08-15,
daviddobrik,2021-08-14,
daviddobrik,2021-08-13,
daviddobrik,2021-08-12,+1
daviddobrik,2021-08-11,
daviddobrik,2021-08-10,
daviddobrik,2021-08-08,
daviddobrik,2021-08-07,
daviddobrik,2021-08-06,
daviddobrik,2021-08-05,+1
daviddobrik,2021-08-03,
daviddobrik,2021-08-02,
daviddobrik,2021-07-30,+1
daviddobrik,2021-07-29,
daviddobrik,2021-07-28,
daviddobrik,2021-07-27,
daviddobrik,2021-07-23,+1
daviddobrik,2021-07-19,
daviddobrik,2021-07-15,+1
daviddobrik,2021-07-11,+1
daviddobrik,2021-07-06,
daviddobrik,2021-07-02,+1
daviddobrik,2021-06-28,
daviddobrik,2021-06-24,+1
daviddobrik,2021-06-20,+5
daviddobrik,2021-06-16,
daviddobrik,2021-06-11,
daviddobrik,2021-06-07,
daviddobrik,2021-05-31,
daviddobrik,2021-05-23,
daviddobrik,2021-05-19,
daviddobrik,2021-05-15,
daviddobrik,2021-05-13,
daviddobrik,2021-05-11,
daviddobrik,2021-05-09,
daviddobrik,2021-05-06,
daviddobrik,2021-05-04,
daviddobrik,2021-05-02,
daviddobrik,2021-04-29,
daviddobrik,2021-04-27,
daviddobrik,2021-04-25,
daviddobrik,2021-04-23,
daviddobrik,2021-04-21,
daviddobrik,2021-04-19,
daviddobrik,2021-04-17,
daviddobrik,2021-04-15,-142
daviddobrik,2021-03-21,-2
daviddobrik,2021-03-19,-4
daviddobrik,2021-03-17,
daviddobrik,2021-03-14,
daviddobrik,2021-03-12,
daviddobrik,2021-03-10,
daviddobrik,2021-03-08,
daviddobrik,2021-03-06,
daviddobrik,2021-03-04,
daviddobrik,2021-03-01,
daviddobrik,2021-02-27,
daviddobrik,2021-02-25,
daviddobrik,2021-02-23,
daviddobrik,2021-02-20,
daviddobrik,2021-02-17,
daviddobrik,2021-02-15,
daviddobrik,2021-02-13,
daviddobrik,2021-02-11,
daviddobrik,2021-02-08,
daviddobrik,2021-02-06,
daviddobrik,2021-02-03,
daviddobrik,2021-01-31,
daviddobrik,2021-01-29,
daviddobrik,2021-01-26,
daviddobrik,2021-01-24,
daviddobrik,2021-01-21,
daviddobrik,2021-01-18,
daviddobrik,2021-01-15,
daviddobrik,2021-01-13,
daviddobrik,2021-01-11,
daviddobrik,2021-01-08,
daviddobrik,2021-01-06,
daviddobrik,2021-01-01,
daviddobrik,2020-12-29,
daviddobrik,2020-12-26,
daviddobrik,2020-12-24,
daviddobrik,2020-12-21,
daviddobrik,2020-12-19,
daviddobrik,2020-12-17,
daviddobrik,2020-12-15,
daviddobrik,2020-12-13,
daviddobrik,2020-12-11,
daviddobrik,2020-12-08,
daviddobrik,2020-12-06,
daviddobrik,2020-12-02,
daviddobrik,2020-11-30,
daviddobrik,2020-11-26,
daviddobrik,2020-11-24,
daviddobrik,2020-11-20,
daviddobrik,2020-11-16,
daviddobrik,2020-11-14,
daviddobrik,2020-11-11,
daviddobrik,2020-11-09,
daviddobrik,2020-11-07,
daviddobrik,2020-11-04,
daviddobrik,2020-11-02,
daviddobrik,2020-10-30,
daviddobrik,2020-10-28,
daviddobrik,2020-10-26,
daviddobrik,2020-10-23,
daviddobrik,2020-10-21,
daviddobrik,2020-10-19,
daviddobrik,2020-10-16,
daviddobrik,2020-10-12,
daviddobrik,2020-10-10,
daviddobrik,2020-10-06,
daviddobrik,2020-09-30,
daviddobrik,2020-09-25,
daviddobrik,2020-09-23,
daviddobrik,2020-09-21,
daviddobrik,2020-09-15,
daviddobrik,2020-09-12,
daviddobrik,2020-09-09,
daviddobrik,2020-09-06,
daviddobrik,2020-09-03,
daviddobrik,2020-08-26,
daviddobrik,2020-08-23,
daviddobrik,2020-08-19,
daviddobrik,2020-08-15,
daviddobrik,2020-08-09,
daviddobrik,2020-08-06,
daviddobrik,2020-08-02,
daviddobrik,2020-07-29,
daviddobrik,2020-07-26,
daviddobrik,2020-07-21,
daviddobrik,2020-07-14,
daviddobrik,2020-07-11,
daviddobrik,2020-07-06,
daviddobrik,2020-07-01,-1
daviddobrik,2020-06-28,
daviddobrik,2020-06-18,-1
daviddobrik,2020-06-12,
daviddobrik,2020-06-08,
daviddobrik,2020-06-05,
daviddobrik,2020-06-03,-2
daviddobrik,2020-05-29,
daviddobrik,2020-05-24,
daviddobrik,2020-05-22,
daviddobrik,2020-05-20,
daviddobrik,2020-05-18,
daviddobrik,2020-05-16,
daviddobrik,2020-05-15,
daviddobrik,2020-05-14,
daviddobrik,2020-05-12,
daviddobrik,2020-05-10,
daviddobrik,2020-05-09,
daviddobrik,2020-05-08,
daviddobrik,2020-05-07,
daviddobrik,2020-05-06,
daviddobrik,2020-05-05,
daviddobrik,2020-05-04,
daviddobrik,2020-05-03,
daviddobrik,2020-05-02,
daviddobrik,2020-05-01,
daviddobrik,2020-04-30,
daviddobrik,2020-04-29,
daviddobrik,2020-04-28,
daviddobrik,2020-04-27,-2
daviddobrik,2020-04-26,
daviddobrik,2020-04-25,+1
daviddobrik,2020-04-24,
daviddobrik,2020-04-23,
daviddobrik,2020-04-22,
daviddobrik,2020-04-21,
daviddobrik,2020-04-19,
daviddobrik,2020-04-18,
txunamy,2021-12-31,
txunamy,2021-12-30,
txunamy,2021-12-28,
txunamy,2021-12-26,
txunamy,2021-12-25,
txunamy,2021-12-20,
txunamy,2021-12-17,
txunamy,2021-12-15,
txunamy,2021-12-14,
txunamy,2021-12-12,
txunamy,2021-12-10,
txunamy,2021-12-09,
txunamy,2021-12-07,
txunamy,2021-11-15,
txunamy,2021-11-09,
txunamy,2021-11-08,
txunamy,2021-11-06,
txunamy,2021-11-04,
txunamy,2021-11-01,
txunamy,2021-10-31,
txunamy,2021-10-30,
txunamy,2021-10-23,
txunamy,2021-10-19,
txunamy,2021-10-17,
txunamy,2021-10-16,
txunamy,2021-10-15,
txunamy,2021-10-12,
txunamy,2021-10-09,
txunamy,2021-10-04,
txunamy,2021-10-02,
txunamy,2021-09-28,
txunamy,2021-09-25,
txunamy,2021-09-20,
txunamy,2021-09-19,
txunamy,2021-09-17,
txunamy,2021-09-14,
txunamy,2021-09-12,
txunamy,2021-09-11,
txunamy,2021-09-08,
txunamy,2021-09-07,
txunamy,2021-09-06,
txunamy,2021-09-04,
txunamy,2021-09-01,
txunamy,2021-08-30,
txunamy,2021-08-29,
txunamy,2021-08-28,
txunamy,2021-08-24,
txunamy,2021-08-22,
txunamy,2021-08-21,
txunamy,2021-08-19,
txunamy,2021-08-18,
txunamy,2021-08-16,
txunamy,2021-08-15,
txunamy,2021-08-13,
txunamy,2021-08-11,
txunamy,2021-08-04,
txunamy,2021-07-25,
txunamy,2021-07-17,
txunamy,2021-07-09,
txunamy,2021-06-30,
gavinmagnusofficial,2022-04-13,
gavinmagnusofficial,2022-04-12,+1
gavinmagnusofficial,2022-04-10,
gavinmagnusofficial,2022-04-08,
gavinmagnusofficial,2022-04-05,+1
gavinmagnusofficial,2022-04-04,
gavinmagnusofficial,2022-04-03,
gavinmagnusofficial,2022-04-02,
gavinmagnusofficial,2022-04-01,
gavinmagnusofficial,2022-03-30,+1
gavinmagnusofficial,2022-03-29,
gavinmagnusofficial,2022-03-27,
gavinmagnusofficial,2022-03-26,+1
gavinmagnusofficial,2022-03-24,
gavinmagnusofficial,2022-03-23,
